CLUTCH_NUMBER,DATA_EGGS_FOUND,COLOR,MALE,FEMALE,REGION,POPULATION,MALE_STANDARD_LENGTH,MALE_MASS,FEMALE_STANDARD_LENGTH,FEMALE_MASS,MALE_LAT,MALE_LONG,FEMALE_LAT,FEMALE_LONG,TEMPERATURE,TANK,ROOM,CLUTCH_ORDER,DAYS_IN_TREATMENT,DATE_EGGS_LAST_CHECKED,PHOTO,DATE_OF_PHOTO,NUMBER_OF_EGGS_SAMPLED,NUMBER_OF_EGGS_LOST,EGG_COUNT,RESEARCHER,PHOTO_FOR_COUNT,DATE_OF_HATCH,HATCHING_TIME,HATCHLING_PHOTO_FILE,HATCHLINGS_PHOTO,HATCHLINGS_MEASURED,HATCHLINGS_EXP_USED,HATCHLINGS_UNHATCHED,HATCHLINGS_EXTRA,HATCHLINGS,HATCHING_SUCCESS,PROJECT_CODE,notes_hatchlings,notes
40,16/12/2022,mostly colored,CARL237,CARL219,core,Arlington Reef,91.50,36.70,86.50,31.03,-16.702,145.986,-16.702,145.986,27,247,3,1,29,NA,Y,17/12/2022,11,1,390,EAS,IMG_6966,25/12/2022,NA,IMG_7074,244,31,0,4,0,279,0.73810,1,YYC: hatchling photo for clutch 51 taken when 4 eggs were unhatched_03/01/2022,
38,16/12/2022,white,CPRE372,CPRE209,core,Pretty Patches,102.30,58.01,102.40,52.70,-16.622,146.042,-16.622,146.042,27,168,3,1,29,NA,Y,17/12/2022,11,0,432,EAS,IMG_6972,27/12/2022,NA,IMG_6985,284,0,0,25,0,309,0.73397,1,YYC: hatchling photo for clutch 48 was taken when 25 eggs were unhatched_02/01/2022,
46,17/12/2022,white,LCKM164,LCKM156,leading,Cockermouth Island,102.82,54.16,88.02,33.47,-20.772,149.398,-20.772,149.398,28.5,242,3,1,30,16/12/2022,Y,17/12/2022,11,0,332,EAS,IMG_6976,28/12/2022,11,IMG_7120,62,30,120,0,2,214,0.66667,2,hatchlings = 30 +120 + 2 + photo,
47,20/12/2022,white,CARL344,CARL370,core,Arlington Reef,80.34,23.91,83.54,29.23,-16.702,145.986,-16.702,145.986,30,112,3,1,32,19/12/2022,Y,20/12/2022,13,0,580,EAS,IMG_7011,29/12/2022,9,NA,0,30,60,0,0,90,0.15873,1,hatchlings = 60 + photo taken for hatchling measurements,
49,22/12/2022,white,CVLA049,CVLA098,core,Vlassof Cay,90.00,36.79,96.32,43.73,-16.657,145.990,-16.657,145.990,28.5,137,3,3,34,21/12/2022,Y,21/12/2022,10,0,548,EAS,IMG_7029,31/12/2022,9,IMG_7137,123,30,330,0,2,485,0.90149,5,hatchlings = 30 + 90 + 240 + 2 + photo,
48,21/12/2022,white,CSUD013,CSUD017,core,Sudbury Reef,98.82,52.14,103.54,58.30,-16.996,146.202,-16.996,146.202,27,271,3,2,33,20/12/2022,Y,21/12/2022,10,0,608,EAS,IMG_7022,1/01/2023,11,IMG_7169,347,30,90,25,0,492,0.82274,1,hatchlings = 30 + 90  + photo + 25(unhatched),
51,24/12/2022,white,CARL218,CARL222,core,Arlington Reef,93.41,41.41,94.34,38.92,-16.702,145.986,-16.702,145.986,30,109,3,2,36,23/12/2022,Y,24/12/2022,10,2,524,EAS,IMG_7049,2/01/2023,9,IMG_7178,350,30,90,25,0,495,0.96680,1,hatchlings = 30 + 90 + photo + 25(unhatched),
54,31/12/2022,white,CVLA106,CVLA091,core,Vlassof Cay,91.88,36.33,98.46,48.79,-16.657,145.990,-16.657,145.990,30,105,3,3,43,30/12/2022,Y,31/12/2022,10,0,495,EAS,MIG_7127,9/01/2023,9,IMG_7256,335,30,90,0,0,455,0.93814,1,hatchlings = 30 +90 + photo,
55,1/01/2023,white,CPRE189,CPRE202,core,Pretty Patches,98.74,57.31,99.60,47.19,-16.622,146.042,-16.622,146.042,30,208,3,2,44,31/12/2022,Y,1/01/2023,11,0,408,EAS,IMG_7147,11/01/2023,10,IMG_7259,129,30,90,16,1,266,0.67003,1,hatchlings = 30 + 90+photo + 1 + 16 (unhatched),
56,4/01/2023,white,CARL217,CARL226,core,Arlington Reef,78.40,23.15,72.47,16.28,-16.702,145.986,-16.702,145.986,28.5,144,3,2,47,3/01/2023,Y,4/01/2023,11,0,328,EAS,IMG_7188,12/01/2023,8,IMG_7521,51,30,210,0,8,299,0.94322,3,hatchlings = 30 + 90 + 120 + photo + 8,
58,5/01/2023,white,CVLA089,CVLA059,core,Vlassof Cay,87.22,31.58,98.68,51.72,-16.657,145.990,-16.657,145.990,30,158,3,2,48,4/01/2023,Y,5/01/2023,11,1,482,EAS,IMG_7201,13/01/2023,8,IMG_7535,201,30,90,24,4,349,0.74255,1,hatchlings = 30 + 90 + photo + 24 (unhatched) + 4,IMG_7520 also counted
57,5/01/2023,white,CARL241,CARL239,core,Arlington Reef,97.40,45.17,NA,NA,-16.702,145.986,-16.702,145.986,27,150,3,2,48,4/01/2023,Y,5/01/2023,10,2,515,EAS,IMG_7195,16/01/2023,11,IMG_7597,236,30,90,0,0,356,0.70775,1,hatchlings = 30 + 90 + photo,Cannot find body of deceased female CARL239
59,7/01/2023,some color,CARL354,CARL355,core,Arlington Reef,87.22,31.58,84.76,29.85,-16.702,145.986,-16.702,145.986,27,124,3,2,50,16/12/2022,Y,7/01/2023,10,0,326,EAS,IMG_7225,17/01/2023,NA,NA,0,30,45,0,0,75,0.23734,1,hatchlings = 75,
60,7/01/2023,white,LCKM159,LCKM155,leading,Cockermouth Island,87.56,30.55,86.58,30.34,-20.772,149.398,-20.772,149.398,28.5,237,3,2,50,6/01/2023,Y,7/01/2023,12,0,317,EAS,IMG_7230,17/01/2023,10,IMG_7614,127,30,120,0,4,281,0.92131,2,hatchlings = 30 + 120 +4 + photo,
61,11/01/2023,white,CSUD016,CSUD078,core,Sudbury Reef,97.12,45.99,96.58,43.93,-16.996,146.202,-16.996,146.202,28.5,230,3,2,54,10/01/2023,Y,11/01/2023,10,0,421,EAS,IMG_7265,19/01/2023,8,NA,0,23,330,5,0,358,0.87105,5,hatchlings = 90 + 240 + 23 + 5 (unhatched) = 358,
73,NA,NA,CARL344,CARL370,core,Arlington Reef,80.34,23.91,83.54,29.23,-16.702,145.986,-16.702,145.986,30,112,3,2,64,20/02/2023,N,NA,NA,NA,NA,NA,NA,20/01/2023,NA,IMG_7697,99,30,90,0,0,219,NA,1,hatchlings = 30 + 90 + photo,
62,13/01/2023,white,CVLA049,CVLA098,core,Vlassof Cay,90.00,36.79,96.32,43.73,-16.657,145.990,-16.657,145.990,28.5,137,3,4,56,12/01/2023,Y,13/01/2023,10,0,476,EAS,IMG_7523,23/01/2023,10,IMG_7747,141,30,270,0,0,441,0.94635,3,hatchlings = 90 + 30 +180 +  photo,
63,14/01/2023,white,CSUD009,CSUD212,core,Sudbury Reef,103.00,50.94,103.80,49.03,-16.996,146.202,-16.996,146.202,27,172,3,2,57,13/01/2023,Y,14/01/2023,11,0,493,EAS,IMG_7546,25/01/2023,11,IMG_7780,238,30,90,0,0,358,0.74274,1,hatchlings = 90 + 30 + photo,
64,14/01/2023,white,CSUD002,CSUD213,core,Sudbury Reef,100.00,48.28,93.42,45.25,-16.996,146.202,-16.996,146.202,28.5,65,2,1,17,13/01/2023,Y,14/01/2023,12,0,416,EAS,IMG_7550,25/01/2023,11,IMG_7759,114,30,0,0,0,144,0.35644,0,hatchlings = 30 + photo,
65,17/01/2023,white,LSBI028,LSBI027,leading,St. Bee's Island,90.00,33.61,91.51,NA,-20.927,149.663,-20.927,149.663,28.5,233,3,2,60,16/01/2023,Y,17/01/2023,10,0,321,EAS,IMG_7604,27/01/2023,10,IMG_7798,130,30,120,0,0,280,0.90032,2,hatchlings = 30 + 120 +photo,
68,20/01/2023,white,CARL218,CARL222,core,Arlington Reef,93.41,41.41,94.34,38.92,-16.702,145.986,-16.702,145.986,30,109,3,3,63,19/01/2023,Y,20/01/2023,10,2,503,EAS,IMG_7651,29/01/2023,9,IMG_7833,269,30,90,0,0,389,0.79226,1,hatchlings = 30 + 90 + photo  ,
70,20/01/2023,white,CSUD310,CSUD306,core,Sudbury Reef,95.42,47.19,93.82,42.83,-16.996,146.202,-16.996,146.202,30,255,3,2,63,19/01/2023,Y,20/02/2023,11,0,520,EAS,IMG_7663,29/01/2023,9,NA,NA,NA,NA,NA,NA,NA,NA,0,hatchlings = NA most hatchlings were eaten,
66,19/01/2023,white,CPRE375,CPRE377,core,Pretty Patches,102.52,54.28,101.42,55.75,-16.622,146.042,-16.622,146.042,27,268,3,1,62,18/01/2022,Y,19/01/2023,11,0,506,EAS,IMG_7624,30/01/2023,11,IMG_7883,352,30,90,0,4,476,0.96162,1,hatchlings = 30 + 90 + 4 (unhatched) + photo,
67,19/01/2023,white,CSUD013,CSUD017,core,Sudbury Reef,98.82,52.14,103.54,58.30,-16.996,146.202,-16.996,146.202,27,271,3,3,62,18/01/2022,Y,19/01/2023,12,0,689,EAS,IMG_7635,30/01/2023,11,IMG_7878,435,30,90,3,0,558,0.82422,1,hatchlings = 30 + 90 + 3 (unhatched) + photo,
71,21/01/2023,white,CVLA106,CVLA091,core,Vlassof Cay,91.88,36.33,98.46,48.79,-16.657,145.990,-16.657,145.990,30,105,3,4,64,20/01/2023,Y,21/07/2023,11,0,468,EAS,IMG_7682,30/01/2023,9,IMG_7855,304,30,90,0,0,424,0.92779,1,hatchlings = 30 + 90 + photo,
69,20/01/2023,white,LCKM164,LCKM156,leading,Cockermouth Island,102.82,54.16,88.02,33.47,-20.772,149.398,-20.772,149.398,28.5,242,3,2,63,19/01/2023,Y,20/01/2023,11,0,400,EAS,IMG_7655,30/01/2023,10,IMG_7870,116,30,120,14,0,280,0.71979,2,hatchlings = 30 + 120 + 14 (unhatched) + photo ,
74,22/01/2023,white,LSBI023,LCHA118,leading,Chauvel Reef/St. Bee's Island,90.20,34.53,87.66,38.67,-20.863,150.363,-20.927,149.663,28.5,235,3,2,65,21/01/2023,Y,22/01/2023,10,0,375,EAS,IMG_7703,1/02/2023,10,IMG_7928,52,30,120,26,0,228,0.62466,2,hatchlings = 30 + 120 + 26 (unhatched),
75,22/01/2023,white,LSBI034,LCHA120,leading,Chauvel Reef/St. Bee's Island,85.10,28.44,90.92,36.71,-20.863,150.363,-20.927,149.663,28.5,244,3,2,65,21/01/2023,Y,22/01/2022,10,0,485,EAS,IMG_7713,2/02/2023,11,IMG_7931,92,30,120,3,13,258,0.54316,2,hatchlings = 30 + 120 + 3 (unhatched) + 11 + 2,
76,26/01/2023,white,CPRE372,CPRE209,core,Pretty Patches,102.30,58.01,102.40,52.70,-16.622,146.042,-16.622,146.042,27,168,3,2,69,25/01/2022,Y,26/01/2022,10,0,375,EAS,IMG_7782,6/02/2023,11,IMG_8060,238,30,90,0,0,358,0.98082,1,hatchlings = 30 + 90+ photo,
78,30/01/2023,some color,CPRE189,CPRE202,core,Pretty Patches,98.74,57.31,99.60,47.19,-16.622,146.042,-16.622,146.042,28.5,208,3,3,73,29/01/2022,Y,30/01/2022,10,0,NA,NA,NA,7/02/2023,8,IMG_8088,155,30,90,0,0,275,NA,1,hatchlings = 30 + 90 +photo,poor picture quailty; use picutre from another clutch if possible
77,29/01/2023,white,CARL217,CARL226,core,Arlington Reef,78.40,23.15,72.47,16.28,-16.702,145.986,-16.702,145.986,28.5,144,3,3,72,28/01/2023,Y,29/01/2022,10,0,298,EAS,IMG_7802,7/02/2023,9,NA,0,30,120,13,12,175,0.60764,4,hatchlings = 30 + 120? (find out how many replicates yogi has) + 1 + 13 (unhatched) + 11,
79,31/01/2023,white,CARL344,CARL370,core,Arlington Reef,80.34,23.91,83.54,29.23,-16.702,145.986,-16.702,145.986,30,112,3,3,74,20/01/2023,Y,31/01/2022,11,0,525,EAS,IMG_7890,9/02/2023,9,IMG_8107,58,30,90,0,0,178,0.34630,1,hatclings = 30 + 90 + photo ,"Eggs were last checked on the 20/01/2022. 31/01/2022 would have been the first day they would have laid eggs, being just 10 days after the previous clutch hatched. Eggs were all white with no sign of color. Confident that the eggs were laid on 31/01/2023."
89,NA,NA,LCKM159,LCKM155,leading,Cockermouth Island,87.56,30.55,86.58,30.34,-20.772,149.398,-20.772,149.398,28.5,237,3,3,84,17/01/2023,N,NA,NA,NA,NA,NA,NA,10/02/2023,NA,NA,NA,NA,NA,NA,NA,NA,NA,2,hathclings = 30 + 120 + photo + 1,"forgot to take off blue flagging tape, never saw eggs just hatchlings when they came out"
80,1/02/2023,white,CARL237,CARL219,core,Arlington Reef,91.50,36.70,86.50,31.03,-16.702,145.986,-16.702,145.986,27,247,3,2,75,31/01/2023,Y,1/02/2023,12,0,373,EAS,IMG_7899,12/02/2023,11,IMG_8168,175,30,90,0,0,295,0.81717,1,hatchlings = 30 + 90 + photo,
82,3/02/2023,white,COTT407,COTT399,core,Otter Reef,88.10,34.49,84.12,26.52,-18.083,146.550,-18.083,146.550,28.5,15,2,1,77,2/02/2023,Y,3/02/2023,10,0,383,EAS,IMG_7945,12/02/2023,9,NA,0,30,120,0,2,152,0.40751,2,hatchlings = 30 + 120 + 2 ,
81,3/02/2023,white,CARL230,CARL235,core,Arlington Reef,86.84,32.40,85.80,31.36,-16.702,145.986,-16.702,145.986,27,253,3,1,77,2/02/2023,Y,3/02/2023,10,0,500,EAS,IMG_7942,14/02/2023,11,IMG_8449,256,30,90,0,0,376,0.76735,1,hatchlings = 30 + 90 + photo ,
84,5/02/2023,white,CARL233,CARL215,core,Arlington Reef,88.62,35.52,99.12,52.02,-16.702,145.986,-16.702,145.986,30,108,3,2,79,4/02/2023,Y,5/02/2023,10,0,485,EAS,IMG_7967,14/02/2023,9,IMG_8458,304,30,90,0,0,424,0.89263,1,hatchlings = 30 + 90 + photo,
83,4/02/2023,white,CVLA049,CVLA098,core,Vlassof Cay,90.00,36.79,96.32,43.73,-16.657,145.990,-16.657,145.990,28.5,137,3,5,78,3/02/2023,Y,4/02/2023,10,1,496,EAS,IMG_7963,14/02/2023,10,NA,NA,NA,NA,NA,NA,NA,NA,0,hatchlings = photo ,
85,5/02/2023,white,CARL354,CARL355,core,Arlington Reef,87.22,31.58,84.76,29.85,-16.702,145.986,-16.702,145.986,27,124,3,3,79,4/02/2023,Y,5/02/2023,10,0,429,EAS,IMG_7976,16/02/2023,11,IMG_8488,250,30,90,0,3,373,0.89021,1,hatchlings = 30 + 90 +photo + 3,
86,7/02/2023,white,CPRE391,CPRE390,core,Pretty Patches,84.13,25.00,89.12,36.19,-16.622,146.042,-16.622,146.042,30,204,3,1,81,6/02/2023,Y,7/02/2023,12,10,418,EAS,IMG_8064,16/02/2023,9,IMG_8507,267,30,90,0,4,391,0.98737,1,hatchlings = 30 + 90 + photo + photo (unhatched) +  4,
87,7/02/2023,white,CRUS426,CRUS360,core,Russel Island,88.13,35.28,92.98,38.40,-17.233,146.100,-17.233,146.100,28.5,6,2,1,81,6/02/2023,Y,7/02/2023,11,0,527,EAS,IMG_8072,16/02/2023,9,IMG_8511,278,30,120,65,0,493,0.95543,2,hatchlings = 30 + 120 + photo (hatched) + photo (unhatched) ,
88,8/02/2023,white,CSUD312,CSUD304,core,Sudbury Reef,93.03,39.23,94.94,40.02,-16.996,146.202,-16.996,146.202,30,161,3,1,82,7/02/2023,Y,8/02/2023,10,0,494,EAS,IMG_8094,17/02/2023,9,NA,0,30,90,0,4,124,0.25620,1,hatchlings = 30 + 90 +4 (no photo) ,
92,11/02/2023,white,CSUD002,CSUD213,core,Sudbury Reef,100.00,48.28,93.42,45.25,-16.996,146.202,-16.996,146.202,28.5,65,2,2,46,10/02/2023,Y,11/02/2023,11,0,458,EAS,IMG_8132,20/02/2023,9,NA,0,30,330,38,38,436,0.97539,5,hatchlings = 30 + 240 + 90 + 38(unhatched) + 38 + no photo,
90,10/02/2023,white,CSAT265,CSAT264,core,Satellite Reef,102.28,48.84,104.10,54.34,-16.443,145.684,-16.443,145.684,28.5,37,2,1,84,9/02/2023,Y,10/02/2023,11,1,492,EAS,IMG_8115,20/02/2023,10,IMG_8543,52,30,120,62,0,264,0.55000,2,hatchlings = 30 + 120 + photo (hatched) + photo (unhatched) ,
94,12/02/2023,white,CPRE512,CPRE208,core,Pretty Patches,103.62,61.46,108.42,62.40,-16.622,146.042,-16.622,146.042,28.5,14,2,1,86,11/02/2023,Y,12/02/2023,10,0,589,EAS,IMG_8155,21/02/2023,9,IMG_8547,384,30,80,0,0,494,0.85320,4,hatchlings = 30 + 80 + photo ,
95,13/02/2023,white,CPRE/CSUD098,CPRE373,core,Pretty Patches,103.84,50.70,103.50,59.23,-16.622,146.042,-16.622,146.042,28.5,50,2,1,87,12/02/2023,Y,13/02/2023,10,0,524,EAS,IMG_8175,21/02/2023,8,IMG_8557,346,30,80,10,0,466,0.90661,4,hatchlings = 30 + 80 + 10 (unhatched) + photo ,
91,11/02/2023,white,CARL241,CARL239,core,Arlington Reef,97.40,45.17,NA,NA,-16.702,145.986,-16.702,145.986,27,150,3,3,85,9/02/2023,Y,11/02/2023,10,0,469,EAS,IMG_8129,22/02/2023,11,IMG_8578,191,0,0,0,0,191,0.41612,1,hatchlings = photo,
96,13/02/2023,white,CARL338,CARL345,core,Arlington Reef,81.60,24.19,82.28,27.20,-16.702,145.986,-16.702,145.986,28.5,106,2,1,87,12/02/2023,Y,13/02/2023,10,0,439,EAS,IMG_8185,23/02/2023,10,IMG_8630,40,30,210,0,0,280,0.65268,3,hatchlings = 30 + 90 + 120 + photo  ,
99,14/02/2023,white,CARL335,CARL359,core,Arlington Reef,93.52,40.00,92.04,38.73,-16.702,145.986,-16.702,145.986,28.5,238,3,1,88,13/02/2023,Y,14/02/2023,10,0,758,EAS,IMG_8427,23/02/2023,9,IMG_8648,76,30,210,0,19,335,0.44786,3,hatchlings =30 + 90 + 120 + photo +19 ,
97,13/02/2023,white,CARL218,CARL222,core,Arlington Reef,93.41,41.41,94.34,38.92,-16.702,145.986,-16.702,145.986,30,109,3,3,87,12/02/2023,Y,13/02/2023,10,0,542,EAS,IMG_8189,23/02/2023,10,IMG_8644,332,0,0,0,0,332,0.62406,0,hatchlings = photo ,"photo rather poor, hard to see all the hatchlings"
98,14/02/2023,white,CVLA106,CVLA091,core,Vlassof Cay,91.88,36.33,98.46,48.79,-16.657,145.990,-16.657,145.990,30,105,3,5,88,13/02/2023,Y,14/02/2023,10,0,476,EAS,IMG_8424,23/02/2023,9,IMG_8632,367,30,0,0,0,397,0.85193,0,hatchlings =  ,No notes recorded for hatchlings
93,12/02/2023,white,CSUD009,CSUD212,core,Sudbury Reef,103.00,50.94,103.80,49.03,-16.996,146.202,-16.996,146.202,27,172,3,3,86,11/02/2023,Y,12/02/2023,10,0,505,EAS,IMG_8151,24/02/2023,12,IMG_8683,144,30,90,0,0,264,0.53333,1,hatchlings = 30 + 90 + photo ,
100,15/02/2023,white,CARL360,CARL249,core,Arlington Reef,87.08,29.75,82.80,27.63,-16.702,145.986,-16.702,145.986,30,166,3,1,55,14/02/2023,Y,15/02/2023,11,2,304,EAS,IMG_8470,24/02/2023,9,NA,0,30,90,8,15,143,0.49141,1,hatchlings = 30 + 90 + 15 + 8 (unhatched) ,
101,15/02/2023,white,LSBI028,LSBI027,leading,St. Bee's Island,90.00,33.61,91.51,NA,-20.927,149.663,-20.927,149.663,28.5,233,3,3,89,14/02/2023,Y,15/02/2023,10,1,294,EAS,IMG_8473,25/02/2023,10,IMG_8717,107,30,120,4,0,261,0.92226,2,hatchlings = 30 +120 +4 (unhatched) + photo ,
102,17/02/2023,white,LSBI034,LCHA120,leading,Chauvel Reef/St. Bee's Island,85.10,28.44,90.92,36.71,-20.863,150.363,-20.927,149.663,28.5,244,3,3,91,16/02/2023,Y,17/02/2023,10,2,493,EAS,IMG_8519,27/02/2023,10,NA,0,39,120,51,0,210,0.43659,2,hatchlings = 30 + 120 + photo (unhathced) ,
103,20/02/2023,white,CARL217,CARL226,core,Arlington Reef,78.40,23.15,72.47,16.28,-16.702,145.986,-16.702,145.986,28.5,144,3,4,94,19/02/2023,Y,20/02/2023,11,0,283,EAS,IMG_8529,2/03/2023,10,IMG_8753,177,0,0,0,0,177,0.65074,0,hatchlings = photo,
104,22/02/2023,white,CPRE447,CPRE452,core,Pretty Patches,101.10,49.82,101.22,49.27,-16.622,146.042,-16.622,146.042,30,103,3,1,96,21/02/2023,Y,22/02/2023,12,3,478,EAS,IMG_8562,3/03/2023,9,IMG_8768,305,30,90,0,0,425,0.91793,1,hatchlings = 30 + 90 + photo ,
105,22/02/2023,white,CPRE375,CPRE377,core,Pretty Patches,102.52,54.28,101.42,55.75,-16.622,146.042,-16.622,146.042,27,268,3,2,96,21/02/2023,Y,22/02/2023,10,0,610,EAS,IMG_8566,5/03/2023,11,IMG_8790,468,30,90,0,0,588,0.98000,1,hatchlings = 30 + 90 + photo ,
107,23/02/2023,white,CPRE521,CPRE524,core,Pretty Patches,93.74,40.78,96.08,44.85,-16.622,146.042,-16.622,146.042,28.5,31,2,1,97,22/02/2023,Y,23/02/2023,10,0,441,EAS,IMG_8609,5/03/2023,10,IMG_8804,73,30,290,0,0,393,0.91183,7,hatchlings = 30 + 90 +120 + 80  photo ,
108,23/02/2023,white,CARL369,CARL349,core,Arlington Reef,89.42,36.74,80.88,24.91,-16.702,145.986,-16.702,145.986,28.5,216,3,1,97,22/02/2023,Y,23/02/2023,16,0,468,EAS,IMG_8615,5/03/2023,10,IMG_8806,44,30,290,0,0,364,0.80531,7,hatchlings = 30 + 90 + 120 +80 + photo ,
106,22/02/2023,white,CSUD013,CSUD017,core,Sudbury Reef,98.82,52.14,103.54,58.30,-16.996,146.202,-16.996,146.202,27,271,3,4,96,21/02/2023,Y,22/02/2023,12,0,647,EAS,IMG_8568,5/03/2023,11,IMG_8795,496,30,0,0,0,526,0.82835,0,hatchlings = 30 + photo ,
109,23/02/2023,white,CARL367,CARL363,core,Arlington Reef,94.12,42.43,78.86,24.29,-16.702,145.986,-16.702,145.986,28.5,132,3,1,97,22/02/2023,Y,23/02/2023,10,0,263,EAS,IMG_8626,5/03/2023,10,NA,NA,NA,NA,NA,NA,NA,NA,1,hatchlings = 30 + 30  + photo ,Looks like clutch may have been partially eaten…?; could not find photo
110,25/02/2023,white,CPRE453,CPRE459,core,Pretty Patches,94.80,45.82,99.72,53.26,-16.622,146.042,-16.622,146.042,28.5,32,2,1,99,24/02/2023,Y,25/02/2023,10,0,562,EAS,IMG_8712,7/03/2023,10,IMG_8828,45,30,450,0,0,525,0.95109,7,hatchlings = 30 + 90 +120 + 240 + photo ,
111,27/02/2023,white,CVLA468,CVLA477,core,Vlassof Cay,100.88,54.19,97.44,49.68,-16.657,145.990,-16.657,145.990,27,121,3,1,101,26/02/2023,Y,27/02/2023,10,0,439,EAS,IMG_8742,10/03/2023,11,IMG_8882,301,30,90,0,0,421,0.98135,1,hatchlings = 30 + 90 + photo ,
113,3/03/2023,white,CPRE558,CPRE526,core,Pretty Patches,99.10,49.59,101.74,49.54,-16.622,146.042,-16.622,146.042,28.5,30,2,1,105,2/03/2023,Y,3/03/2023,11,0,361,EAS,IMG_8763,12/03/2023,9,IMG_8897,210,30,80,2,0,322,0.92000,4,hatchlings = 30 + 80 + photo + 2 (unhatched) ,
112,1/03/2023,white,CARL354,CARL355,core,Arlington Reef,87.22,31.58,84.76,29.85,-16.702,145.986,-16.702,145.986,27,124,3,4,104,28/02/2023,Y,1/03/2023,10,0,381,EAS,IMG_8751,13/03/2023,12,NA,0,23,90,33,2,148,0.39892,1,hatchlings = 90 + 22 + 2 + 33 (unhatched) + no photo ,
117,7/03/2023,white,CVLA498,CVLA493,core,Vlassof Cay,86.58,33.33,91.72,43.07,-16.657,145.990,-16.657,145.990,30,264,3,1,110,6/03/2023,Y,12/03/2023,10,0,344,EAS,IMG_8820,15/03/2023,8,IMG_8943,94,30,90,7,0,221,0.66168,1,hatchlings = 30 + 90 +photo + 7 (unhatched),
116,6/03/2023,white,CVLA102,CVLA466,core,Vlassof Cay,103.68,55.39,104.42,59.93,-16.657,145.990,-16.657,145.990,27,149,3,1,109,5/03/2023,Y,12/03/2023,10,0,643,EAS,IMG_8814,17/03/2023,11,IMG_8971,486,30,90,0,4,610,0.96367,1,hatchlings = 30 + 90 + photo (not in tank) + 4 OR photo (in tank),
119,10/03/2023,white,CARL335,CARL359,core,Arlington Reef,93.52,40.00,92.04,38.73,-16.702,145.986,-16.702,145.986,28.5,238,3,2,113,9/03/2023,Y,15/03/2023,13,0,640,EAS,IMG_8873,20/03/2023,10,NA,0,28,240,0,0,268,0.42743,4,hatchlings = 240 + 28 + no photo,
120,11/03/2023,white,CPRE550,CPRE533,core,Pretty Patches,96.02,45.56,99.44,47.85,-16.622,146.042,-16.622,146.042,28.5,53,2,1,114,10/03/2023,Y,15/03/2023,11,0,365,EAS,IMG_8888,21/03/2023,10,IMG_9032,85,30,210,0,0,325,0.91808,3,hatchlings= 30 + 120 +90 +photo,
122,14/03/2023,white,CARL230,CARL235,core,Arlington Reef,86.84,32.40,85.80,31.36,-16.702,145.986,-16.702,145.986,27,253,3,2,117,13/03/2023,Y,15/03/2023,11,0,486,EAS,IMG_8932,25/03/2023,11,IMG_9116,64,30,90,4,0,188,0.39579,1,hatchlings = 30 + 90 + 4 (unhatched) + photo,
123,14/03/2023,white,CSUD009,CSUD212,core,Sudbury Reef,103.00,50.94,103.80,49.03,-16.996,146.202,-16.996,146.202,27,172,3,4,117,13/03/2023,Y,15/03/2023,10,1,573,EAS,IMG_8937,25/03/2023,11,IMG_9105,330,0,0,13,0,343,0.61032,0,hatchlings = 13 (unhatched) + photo,
124,18/03/2023,white,CSUD312,CSUD304,core,Sudbury Reef,93.03,39.23,94.94,40.02,-16.996,146.202,-16.996,146.202,30,161,3,2,120,17/03/2023,Y,19/03/2023,12,0,539,EAS,IMG_8976,27/03/2023,9,NA,0,0,90,0,8,98,0.18596,1,hatchlings = 90 + 8 (no photo) ,
126,21/03/2023,white,CARL360,CARL249,core,Arlington Reef,87.08,29.75,82.80,27.63,-16.702,145.986,-16.702,145.986,30,166,3,2,90,20/03/2023,Y,22/03/2023,10,3,343,EAS,IMG_9015,30/03/2023,9,NA,0,29,30,21,14,94,0.28485,1,hatchlings = 21 (unhatched) + 30 + 30 + 14,
128,22/03/2023,white,CARL338,CARL345,core,Arlington Reef,81.60,24.19,82.28,27.20,-16.702,145.986,-16.702,145.986,28.5,106,2,2,124,21/03/2023,Y,22/03/2023,10,0,372,EAS,IMG_9059,31/03/2023,9,IMG_9138,110,30,120,0,0,260,0.71823,4,hatchlings = 30 + 120 + photo (live),
129,26/03/2023,white,CVLA486,CVLA463,core,Vlassof Cay,95.20,46.40,100.60,50.53,-16.657,145.990,-16.657,145.990,27,270,3,1,130,25/03/2023,Y,26/03/2023,10,1,417,EAS,IMG_9113,4/04/2023,9,IMG_9159,244,30,90,31,0,395,0.97291,1,hatchlings = 30 + 90 + 31 (unhatched) + photo,
131,31/03/2023,white,CPRE447,CPRE452,core,Pretty Patches,101.10,49.82,101.22,49.27,-16.622,146.042,-16.622,146.042,30,103,3,2,134,30/03/2023,Y,23/04/2023,10,0,573,EAS,IMG_9132,9/04/2023,9,IMG_9161,360,31,90,0,0,481,0.85435,1,hatchlings = 30 + 90 + photo,
130,30/03/2023,white,CPRE375,CPRE377,core,Pretty Patches,102.52,54.28,101.42,55.75,-16.622,146.042,-16.622,146.042,27,268,3,3,133,29/03/2023,Y,,10,0,611,EAS,IMG_9124,10/04/2023,11,IMG_9170,439,0,0,0,0,439,0.73045,0,hatchlings = photo,not a good picture
132,2/04/2023,white,CVLA468,CVLA477,core,Vlassof Cay,100.88,54.19,97.44,49.68,-16.657,145.990,-16.657,145.990,27,121,3,2,136,1/04/2023,Y,23/04/2023,10,0,411,EAS,IMG_9143,12/04/2023,10,IMG_9185,253,32,90,0,0,375,0.93516,1,hatchlings = 30 + 90 + photo,
133,3/04/2023,white,CARL335,CARL359,core,Arlington Reef,93.52,40.00,92.04,38.73,-16.702,145.986,-16.702,145.986,28.5,238,3,3,137,2/02/2023,Y,23/04/2023,10,1,582,EAS,IMG_9149,13/04/2023,10,NA,0,30,110,43,18,201,0.35201,3,hatchlings = 30 + 30 + 80 + 18 + 43 (unhatched) + no photo,
134,11/04/2023,white,LCKM164,LCKM156,leading,Cockermouth Island,102.82,54.16,88.02,33.47,-20.772,149.398,-20.772,149.398,28.5,242,3,3,144,10/04/2023,Y,23/04/2023,10,1,330,EAS,IMG_9174,22/04/2023,11,IMG_9228,213,29,0,0,0,242,0.75862,0,hatchlings = 30 + photo,
135,17/04/2023,white,CVLA102,CVLA406,core,Vlassof Cay,103.68,55.39,104.42,59.93,-16.657,145.990,-16.657,145.990,27,149,3,2,150,16/04/2023,Y,23/04/2023,10,0,701,EAS,IMG_9189,28/04/2023,11,IMG_9393,611,30,0,0,0,641,0.92764,0,hatchlings = 30 + photo,
136,23/04/2023,white,CPRE555,CSUD999,core,Satellite Reef/Pretty Patches,98.56,45.96,97.24,44.87,-16.443,145.684,-16.622,146.042,28.5,66,2,1,156,22/04/2023,Y,23/04/2023,10,0,448,EAS,IMG_9218,2/05/2023,9,IMG_9416,138,30,240,11,0,419,0.95662,4,hatchlings = 30 + 240 + photo + 11(unhatched) ,
137,5/05/2023,white,CARL335,CARL359,core,Arlington Reef,93.52,40.00,92.04,38.73,-16.702,145.986,-16.702,145.986,28.5,238,3,4,169,4/05/2023,Y,5/05/2023,10,0,578,EAS,IMG_9424,15/05/2023,10,IMG_9478,277,30,240,0,0,547,0.96303,4,hatchlings = 30 + 240 + photo  ,
138,6/05/2023,white,CPRE453,CPRE459,core,Pretty Patches,94.80,45.82,99.72,53.26,-16.622,146.042,-16.622,146.042,28.5,32,2,2,170,15/05/2023,Y,5/05/2023,10,0,617,EAS,IMG_9428,15/05/2023,9,IMG_9488,379,30,0,0,10,419,0.69028,4,hatchlings = photo + 10 + 30,photo for eggs taken after eggs were sampled
139,10/05/2023,white,CSAT269,CSAT256,core,Satellite Reef,97.28,46.00,93.24,35.77,-16.443,145.684,-16.443,145.684,28.5,56,2,1,174,9/05/2023,Y,10/05/2023,10,0,337,EAS,IMG_9434,19/05/2023,9,IMG_9505,150,30,80,0,7,267,0.81651,4,hatchlings = 30 + 80 + 7 + photo (alive) ,
140,15/05/2023,white,COTT407,COTT399,core,Otter Reef,88.10,34.49,84.12,26.52,-18.083,146.550,-18.083,146.550,28.5,15,2,2,179,14/05/2023,Y,15/05/2023,10,0,260,EAS,IMG_9464,24/05/2023,9,NA,0,30,0,0,48,78,0.31200,4,hatchlings = 78,
141,16/05/2023,white,CPRE556,CSUD999,core,Sudbury Reef/Pretty Patches,98.56,45.96,97.24,44.87,-16.443,145.684,-16.622,146.042,28.5,66,2,2,180,15/05/2023,Y,16/05/2023,10,0,421,EAS,IMG_9482,25/05/2023,9,NA,NA,30,80,NA,NA,NA,NA,4,hatchlings = 30 + 80 + photo,cannot find photo for hatchlings for this clutch
142,18/05/2023,white,CPRE547,CPRE522,core,Pretty Patches,93.78,49.73,94.00,47.74,-16.622,146.042,-16.622,146.042,28.5,17,2,1,182,17/05/2023,Y,18/05/2023,10,0,448,EAS,IMG_9494,28/05/2023,10,IMG_9524,113,30,240,0,3,386,0.88128,4,hatchlings = 30 + 240 + 3 + photo,
143,19/05/2023,white,CPRE544,CVLA485,core,Pretty Patches/Vlassof Cay,94.26,41.63,94.90,42.78,-16.622,146.042,-16.657,145.990,28.5,113,2,1,183,18/05/2023,Y,19/05/2023,10,0,367,EAS,IMG_9500,29/05/2023,10,IMG_9527,79,30,0,0,8,117,0.32773,4,hatchlings = 30 + 8 + photo,
72,21/01/2023,white,LSBI042,LSBI030,leading,St. Bee's Island,87.10,32.62,89.12,36.67,-20.927,149.663,-20.927,149.663,28.5,136,3,1,64,20/01/2023,N,NA,NA,NA,NA,NA,NA,NA,NA,NA,NA,NA,NA,NA,NA,NA,NA,0,pair ate all the eggs :(,
114,4/03/2023,white,CSUD310,CSUD306,core,Sudbury Reef,95.42,47.19,93.82,42.83,-16.996,146.202,-16.996,146.202,30,255,3,3,106,3/03/2023,Y,12/03/2023,10,0,558,EAS,IMG_8786,NA,NA,NA,NA,NA,NA,NA,NA,NA,NA,1,hatchlings = NA  (eaten) ,
115,6/03/2023,white,CPRE391,CPRE390,core,Pretty Patches,84.13,25.00,89.12,36.19,-16.622,146.042,-16.622,146.042,30,204,3,2,109,5/03/2023,Y,12/03/2023,10,0,489,EAS,IMG_8811,NA,NA,NA,NA,NA,NA,NA,NA,NA,NA,1,hatchlings = NA (eaten) ,
118,7/03/2023,black,CPRE372,CPRE209,core,Pretty Patches,102.30,58.01,102.40,52.70,-16.622,146.042,-16.622,146.042,27,168,3,3,110,6/03/2023,N,NA,NA,NA,NA,NA,NA,NA,NA,NA,NA,NA,NA,NA,NA,NA,NA,1,,"Eggs already black when found, forgot to take flagging tape off after 10 dph previous clutch"
121,14/03/2023,white,CARL242,CARL245,core,Arlington Reef,89.44,32.68,86.30,29.70,-16.702,145.986,-16.702,145.986,28.5,232,3,1,117,13/03/2023,Y,15/03/2023,13,0,368,EAS,IMG_8921,NA,NA,NA,NA,NA,NA,NA,NA,NA,NA,0,hatchlings = NA (eaten) ,eaten
125,20/03/2023,white,CSAT265,CSAT264,core,Satellite Reef,102.28,48.84,104.10,54.34,-16.443,145.684,-16.443,145.684,28.5,37,2,2,122,19/03/2023,Y,22/03/2023,10,0,458,EAS,IMG_8995,NA,NA,NA,NA,NA,NA,NA,NA,NA,NA,4,hatchlings = NA (eaten) ,eaten; was this clutch under a heatwave treatment
127,21/03/2023,white,NA,CVLA044,core,Vlassof Cay,NA,NA,94.02,40.91,-20.772,149.398,-20.772,149.398,30,212,3,1,123,NA,Y,22/03/2023,10,1,510,EAS,IMG_9020,NA,NA,NA,NA,NA,NA,NA,NA,NA,NA,0,hatchlings = NA (eaten) ,No male in tank
144,25/05/2023,white,CVLA495,CVLA497,core,Vlassof Cay,NA,NA,NA,NA,-16.657,145.990,-16.657,145.990,28.5,69,2,1,189,24/05/2023,Y,NA,10,0,NA,NA,NA,NA,NA,NA,NA,NA,NA,NA,NA,NA,NA,4,hatchlings = no information recorded,no photos of eggs
145,26/05/2023,white,CCKT590,CCKT493,core,Cooktown,NA,NA,NA,NA,-15.084,145.367,-15.084,145.367,28.5,148,2,1,175,25/05/2023,Y,26/05/2023,10,0,435,EAS,IMG_9520,NA,NA,NA,NA,NA,NA,NA,NA,NA,NA,4,hatchlings = no information recorded,
