CLUTCH_NUMBER,DATA_EGGS_FOUND,COLOR,MALE,FEMALE,REGION,POPULATION,TEMPERATURE,TANK,ROOM,CLUTCH_ORDER,DAYS_IN_TREATMENT,DATE_EGGS_LAST_CHECKED,SAMPLE,EGG_SIZE,IMAGE,NOTES,
38,16/12/2022,white,CPRE372,CPRE209,core,Pretty Patches,27,168,3,1,29,NA,1,0.061,IMG_6990,,
38,16/12/2022,white,CPRE372,CPRE209,core,Pretty Patches,27,168,3,1,29,NA,2,0.061,IMG_6990,,
38,16/12/2022,white,CPRE372,CPRE209,core,Pretty Patches,27,168,3,1,29,NA,3,0.058,IMG_6990,,
38,16/12/2022,white,CPRE372,CPRE209,core,Pretty Patches,27,168,3,1,29,NA,4,0.058,IMG_6990,,
38,16/12/2022,white,CPRE372,CPRE209,core,Pretty Patches,27,168,3,1,29,NA,5,0.060,IMG_6990,,
38,16/12/2022,white,CPRE372,CPRE209,core,Pretty Patches,27,168,3,1,29,NA,6,0.062,IMG_6990,,
38,16/12/2022,white,CPRE372,CPRE209,core,Pretty Patches,27,168,3,1,29,NA,7,0.062,IMG_6990,,
38,16/12/2022,white,CPRE372,CPRE209,core,Pretty Patches,27,168,3,1,29,NA,8,0.058,IMG_6990,,
38,16/12/2022,white,CPRE372,CPRE209,core,Pretty Patches,27,168,3,1,29,NA,9,0.067,IMG_6990,,
38,16/12/2022,white,CPRE372,CPRE209,core,Pretty Patches,27,168,3,1,29,NA,10,0.058,IMG_6990,,
40,16/12/2022,mostly colored,CARL237,CARL219,core,Arlington Reef,27,247,3,1,29,NA,1,0.046,IMG_6992,,
40,16/12/2022,mostly colored,CARL237,CARL219,core,Arlington Reef,27,247,3,1,29,NA,2,0.038,IMG_6992,,
40,16/12/2022,mostly colored,CARL237,CARL219,core,Arlington Reef,27,247,3,1,29,NA,3,0.045,IMG_6992,,
40,16/12/2022,mostly colored,CARL237,CARL219,core,Arlington Reef,27,247,3,1,29,NA,4,0.039,IMG_6992,,
40,16/12/2022,mostly colored,CARL237,CARL219,core,Arlington Reef,27,247,3,1,29,NA,5,0.041,IMG_6992,,
40,16/12/2022,mostly colored,CARL237,CARL219,core,Arlington Reef,27,247,3,1,29,NA,6,0.043,IMG_6992,,
40,16/12/2022,mostly colored,CARL237,CARL219,core,Arlington Reef,27,247,3,1,29,NA,7,0.038,IMG_6992,,
40,16/12/2022,mostly colored,CARL237,CARL219,core,Arlington Reef,27,247,3,1,29,NA,8,0.040,IMG_6992,,
40,16/12/2022,mostly colored,CARL237,CARL219,core,Arlington Reef,27,247,3,1,29,NA,9,0.042,IMG_6992,,
40,16/12/2022,mostly colored,CARL237,CARL219,core,Arlington Reef,27,247,3,1,29,NA,10,0.035,IMG_6992,,
46,17/12/2022,white,LCKM164,LCKM156,leading,Cockermouth Island,28.5,242,3,1,30,16/12/2022,1,0.058,IMG_6983,,
46,17/12/2022,white,LCKM164,LCKM156,leading,Cockermouth Island,28.5,242,3,1,30,16/12/2022,2,0.060,IMG_6983,,
46,17/12/2022,white,LCKM164,LCKM156,leading,Cockermouth Island,28.5,242,3,1,30,16/12/2022,3,0.064,IMG_6983,,
46,17/12/2022,white,LCKM164,LCKM156,leading,Cockermouth Island,28.5,242,3,1,30,16/12/2022,4,0.057,IMG_6983,,
46,17/12/2022,white,LCKM164,LCKM156,leading,Cockermouth Island,28.5,242,3,1,30,16/12/2022,5,0.055,IMG_6983,,
46,17/12/2022,white,LCKM164,LCKM156,leading,Cockermouth Island,28.5,242,3,1,30,16/12/2022,6,0.057,IMG_6983,,
46,17/12/2022,white,LCKM164,LCKM156,leading,Cockermouth Island,28.5,242,3,1,30,16/12/2022,7,0.055,IMG_6983,,
46,17/12/2022,white,LCKM164,LCKM156,leading,Cockermouth Island,28.5,242,3,1,30,16/12/2022,8,0.058,IMG_6983,,
46,17/12/2022,white,LCKM164,LCKM156,leading,Cockermouth Island,28.5,242,3,1,30,16/12/2022,9,0.053,IMG_6983,,
46,17/12/2022,white,LCKM164,LCKM156,leading,Cockermouth Island,28.5,242,3,1,30,16/12/2022,10,0.053,IMG_6983,,
47,20/12/2022,white,CARL344,CARL370,core,Arlington Reef,30,112,3,1,32,19/12/2022,1,0.037,IMG_7013,"Skipped eggs 3,6 and 7 in the image order because they were squished and used the extra ones ",
47,20/12/2022,white,CARL344,CARL370,core,Arlington Reef,30,112,3,1,32,19/12/2022,2,0.037,IMG_7013,,
47,20/12/2022,white,CARL344,CARL370,core,Arlington Reef,30,112,3,1,32,19/12/2022,3,0.042,IMG_7013,,
47,20/12/2022,white,CARL344,CARL370,core,Arlington Reef,30,112,3,1,32,19/12/2022,4,0.037,IMG_7013,,
47,20/12/2022,white,CARL344,CARL370,core,Arlington Reef,30,112,3,1,32,19/12/2022,5,0.039,IMG_7013,,
47,20/12/2022,white,CARL344,CARL370,core,Arlington Reef,30,112,3,1,32,19/12/2022,6,0.036,IMG_7013,,
47,20/12/2022,white,CARL344,CARL370,core,Arlington Reef,30,112,3,1,32,19/12/2022,7,0.041,IMG_7013,,
47,20/12/2022,white,CARL344,CARL370,core,Arlington Reef,30,112,3,1,32,19/12/2022,8,0.039,IMG_7013,,
47,20/12/2022,white,CARL344,CARL370,core,Arlington Reef,30,112,3,1,32,19/12/2022,9,0.035,IMG_7013,,
47,21/12/2022,white,CARL344,CARL370,core,Arlington Reef,30,112,3,1,32,19/12/2022,10,0.041,IMG_7013,,
48,21/12/2022,white,CSUD013,CSUD017,core,Sudbury Reef,27,271,3,2,33,20/12/2022,1,0.053,IMG_7024,,
48,21/12/2022,white,CSUD013,CSUD017,core,Sudbury Reef,27,271,3,2,33,20/12/2022,2,0.052,IMG_7024,,
48,21/12/2022,white,CSUD013,CSUD017,core,Sudbury Reef,27,271,3,2,33,20/12/2022,3,0.044,IMG_7024,,
48,21/12/2022,white,CSUD013,CSUD017,core,Sudbury Reef,27,271,3,2,33,20/12/2022,4,0.051,IMG_7024,,
48,21/12/2022,white,CSUD013,CSUD017,core,Sudbury Reef,27,271,3,2,33,20/12/2022,5,0.051,IMG_7024,,
48,21/12/2022,white,CSUD013,CSUD017,core,Sudbury Reef,27,271,3,2,33,20/12/2022,6,0.053,IMG_7024,,
48,21/12/2022,white,CSUD013,CSUD017,core,Sudbury Reef,27,271,3,2,33,20/12/2022,7,0.054,IMG_7024,,
48,21/12/2022,white,CSUD013,CSUD017,core,Sudbury Reef,27,271,3,2,33,20/12/2022,8,0.050,IMG_7024,,
48,21/12/2022,white,CSUD013,CSUD017,core,Sudbury Reef,27,271,3,2,33,20/12/2022,9,0.048,IMG_7024,,
48,21/12/2022,white,CSUD013,CSUD017,core,Sudbury Reef,27,271,3,2,33,20/12/2022,10,0.050,IMG_7024,,
49,22/12/2022,white,CVLA049,CVLA098,core,Vlassof Cay,28.5,137,3,3,34,21/12/2022,1,0.048,IMG_7039,,
49,22/12/2022,white,CVLA049,CVLA098,core,Vlassof Cay,28.5,137,3,3,34,21/12/2022,2,0.045,IMG_7039,,
49,22/12/2022,white,CVLA049,CVLA098,core,Vlassof Cay,28.5,137,3,3,34,21/12/2022,3,0.048,IMG_7039,,
49,22/12/2022,white,CVLA049,CVLA098,core,Vlassof Cay,28.5,137,3,3,34,21/12/2022,4,0.043,IMG_7039,,
49,22/12/2022,white,CVLA049,CVLA098,core,Vlassof Cay,28.5,137,3,3,34,21/12/2022,5,0.045,IMG_7039,,
49,22/12/2022,white,CVLA049,CVLA098,core,Vlassof Cay,28.5,137,3,3,34,21/12/2022,6,0.050,IMG_7039,,
49,22/12/2022,white,CVLA049,CVLA098,core,Vlassof Cay,28.5,137,3,3,34,21/12/2022,7,0.047,IMG_7039,,
49,22/12/2022,white,CVLA049,CVLA098,core,Vlassof Cay,28.5,137,3,3,34,21/12/2022,8,0.043,IMG_7039,,
49,22/12/2022,white,CVLA049,CVLA098,core,Vlassof Cay,28.5,137,3,3,34,21/12/2022,9,0.046,IMG_7039,,
49,22/12/2022,white,CVLA049,CVLA098,core,Vlassof Cay,28.5,137,3,3,34,21/12/2022,10,0.043,IMG_7039,,
51,24/12/2022,white,CARL218,CARL222,core,Arlington Reef,30,109,3,2,36,23/12/2022,1,0.051,IMG_7050,,
51,24/12/2022,white,CARL218,CARL222,core,Arlington Reef,30,109,3,2,36,23/12/2022,2,0.048,IMG_7050,,
51,24/12/2022,white,CARL218,CARL222,core,Arlington Reef,30,109,3,2,36,23/12/2022,3,0.042,IMG_7050,,
51,24/12/2022,white,CARL218,CARL222,core,Arlington Reef,30,109,3,2,36,23/12/2022,4,0.047,IMG_7050,,
51,24/12/2022,white,CARL218,CARL222,core,Arlington Reef,30,109,3,2,36,23/12/2022,5,0.043,IMG_7050,,
51,24/12/2022,white,CARL218,CARL222,core,Arlington Reef,30,109,3,2,36,23/12/2022,6,0.049,IMG_7050,,
51,24/12/2022,white,CARL218,CARL222,core,Arlington Reef,30,109,3,2,36,23/12/2022,7,0.050,IMG_7050,,
51,24/12/2022,white,CARL218,CARL222,core,Arlington Reef,30,109,3,2,36,23/12/2022,8,0.048,IMG_7050,,
51,24/12/2022,white,CARL218,CARL222,core,Arlington Reef,30,109,3,2,36,23/12/2022,9,0.050,IMG_7050,,
51,24/12/2022,white,CARL218,CARL222,core,Arlington Reef,30,109,3,2,36,23/12/2022,10,0.050,IMG_7050,,
54,31/12/2022,white,CVLA106,CVLA091,core,Vlassof Cay,30,105,3,3,43,30/12/2022,1,0.049,IMG_7155,,
54,31/12/2022,white,CVLA106,CVLA091,core,Vlassof Cay,30,105,3,3,43,30/12/2022,2,0.045,IMG_7155,,
54,31/12/2022,white,CVLA106,CVLA091,core,Vlassof Cay,30,105,3,3,43,30/12/2022,3,0.052,IMG_7155,,
54,31/12/2022,white,CVLA106,CVLA091,core,Vlassof Cay,30,105,3,3,43,30/12/2022,4,0.048,IMG_7155,,
54,31/12/2022,white,CVLA106,CVLA091,core,Vlassof Cay,30,105,3,3,43,30/12/2022,5,0.057,IMG_7155,,
54,31/12/2022,white,CVLA106,CVLA091,core,Vlassof Cay,30,105,3,3,43,30/12/2022,6,0.042,IMG_7155,,
54,31/12/2022,white,CVLA106,CVLA091,core,Vlassof Cay,30,105,3,3,43,30/12/2022,7,0.049,IMG_7155,,
54,31/12/2022,white,CVLA106,CVLA091,core,Vlassof Cay,30,105,3,3,43,30/12/2022,8,0.048,IMG_7155,,
54,31/12/2022,white,CVLA106,CVLA091,core,Vlassof Cay,30,105,3,3,43,30/12/2022,9,0.047,IMG_7155,,
54,31/12/2022,white,CVLA106,CVLA091,core,Vlassof Cay,30,105,3,3,43,30/12/2022,10,0.052,IMG_7155,,
55,1/01/2023,white,CPRE189,CPRE202,core,Pretty Patches,30,208,3,2,44,31/12/2022,1,0.042,IMG_7160,,
55,1/01/2023,white,CPRE189,CPRE202,core,Pretty Patches,30,208,3,2,44,31/12/2022,2,0.041,IMG_7160,,
55,1/01/2023,white,CPRE189,CPRE202,core,Pretty Patches,30,208,3,2,44,31/12/2022,3,0.039,IMG_7160,,
55,1/01/2023,white,CPRE189,CPRE202,core,Pretty Patches,30,208,3,2,44,31/12/2022,4,0.048,IMG_7160,,
55,1/01/2023,white,CPRE189,CPRE202,core,Pretty Patches,30,208,3,2,44,31/12/2022,5,0.046,IMG_7160,,
55,1/01/2023,white,CPRE189,CPRE202,core,Pretty Patches,30,208,3,2,44,31/12/2022,6,0.041,IMG_7160,,
55,1/01/2023,white,CPRE189,CPRE202,core,Pretty Patches,30,208,3,2,44,31/12/2022,7,0.044,IMG_7160,,
55,1/01/2023,white,CPRE189,CPRE202,core,Pretty Patches,30,208,3,2,44,31/12/2022,8,0.045,IMG_7160,,
55,1/01/2023,white,CPRE189,CPRE202,core,Pretty Patches,30,208,3,2,44,31/12/2022,9,0.051,IMG_7160,,
55,1/01/2023,white,CPRE189,CPRE202,core,Pretty Patches,30,208,3,2,44,31/12/2022,10,0.045,IMG_7160,,
56,4/01/2023,white,CARL217,CARL226,core,Arlington Reef,28.5,144,3,2,47,3/01/2023,1,0.040,IMG_7189,,
56,4/01/2023,white,CARL217,CARL226,core,Arlington Reef,28.5,144,3,2,47,3/01/2023,2,0.046,IMG_7189,,
56,4/01/2023,white,CARL217,CARL226,core,Arlington Reef,28.5,144,3,2,47,3/01/2023,3,0.038,IMG_7189,,
56,4/01/2023,white,CARL217,CARL226,core,Arlington Reef,28.5,144,3,2,47,3/01/2023,4,0.035,IMG_7189,,
56,4/01/2023,white,CARL217,CARL226,core,Arlington Reef,28.5,144,3,2,47,3/01/2023,5,0.034,IMG_7189,,
56,4/01/2023,white,CARL217,CARL226,core,Arlington Reef,28.5,144,3,2,47,3/01/2023,6,0.041,IMG_7189,,
56,4/01/2023,white,CARL217,CARL226,core,Arlington Reef,28.5,144,3,2,47,3/01/2023,7,0.038,IMG_7189,,
56,4/01/2023,white,CARL217,CARL226,core,Arlington Reef,28.5,144,3,2,47,3/01/2023,8,0.047,IMG_7189,,
56,4/01/2023,white,CARL217,CARL226,core,Arlington Reef,28.5,144,3,2,47,3/01/2023,9,0.035,IMG_7189,,
56,4/01/2023,white,CARL217,CARL226,core,Arlington Reef,28.5,144,3,2,47,3/01/2023,10,0.042,IMG_7189,,
57,5/01/2023,white,CARL241,CARL239,core,Arlington Reef,27,150,3,2,48,4/01/2023,1,0.049,IMG_7205,,
57,5/01/2023,white,CARL241,CARL239,core,Arlington Reef,27,150,3,2,48,4/01/2023,2,0.047,IMG_7205,,
57,5/01/2023,white,CARL241,CARL239,core,Arlington Reef,27,150,3,2,48,4/01/2023,3,0.051,IMG_7205,,
57,5/01/2023,white,CARL241,CARL239,core,Arlington Reef,27,150,3,2,48,4/01/2023,4,0.050,IMG_7205,,
57,5/01/2023,white,CARL241,CARL239,core,Arlington Reef,27,150,3,2,48,4/01/2023,5,0.054,IMG_7205,,
57,5/01/2023,white,CARL241,CARL239,core,Arlington Reef,27,150,3,2,48,4/01/2023,6,0.047,IMG_7205,,
57,5/01/2023,white,CARL241,CARL239,core,Arlington Reef,27,150,3,2,48,4/01/2023,7,0.049,IMG_7205,,
57,5/01/2023,white,CARL241,CARL239,core,Arlington Reef,27,150,3,2,48,4/01/2023,8,0.050,IMG_7205,,
57,5/01/2023,white,CARL241,CARL239,core,Arlington Reef,27,150,3,2,48,4/01/2023,9,0.052,IMG_7205,,
57,5/01/2023,white,CARL241,CARL239,core,Arlington Reef,27,150,3,2,48,4/01/2023,10,0.049,IMG_7205,,
58,5/01/2023,white,CVLA089,CVLA059,core,Vlassof Cay,30,158,3,2,48,4/01/2023,1,0.051,IMG_7210,,
58,5/01/2023,white,CVLA089,CVLA059,core,Vlassof Cay,30,158,3,2,48,4/01/2023,2,0.050,IMG_7210,,
58,5/01/2023,white,CVLA089,CVLA059,core,Vlassof Cay,30,158,3,2,48,4/01/2023,3,0.058,IMG_7210,,
58,5/01/2023,white,CVLA089,CVLA059,core,Vlassof Cay,30,158,3,2,48,4/01/2023,4,0.055,IMG_7210,,
58,5/01/2023,white,CVLA089,CVLA059,core,Vlassof Cay,30,158,3,2,48,4/01/2023,5,0.053,IMG_7210,,
58,5/01/2023,white,CVLA089,CVLA059,core,Vlassof Cay,30,158,3,2,48,4/01/2023,6,0.053,IMG_7210,,
58,5/01/2023,white,CVLA089,CVLA059,core,Vlassof Cay,30,158,3,2,48,4/01/2023,7,0.058,IMG_7210,,
58,5/01/2023,white,CVLA089,CVLA059,core,Vlassof Cay,30,158,3,2,48,4/01/2023,8,0.055,IMG_7210,,
58,5/01/2023,white,CVLA089,CVLA059,core,Vlassof Cay,30,158,3,2,48,4/01/2023,9,0.054,IMG_7210,,
58,5/01/2023,white,CVLA089,CVLA059,core,Vlassof Cay,30,158,3,2,48,4/01/2023,10,0.056,IMG_7210,,
59,7/01/2023,some color,CARL354,CARL355,core,Arlington Reef,27,124,3,2,50,16/12/2022,1,0.044,IMG_7233,,
59,7/01/2023,some color,CARL354,CARL355,core,Arlington Reef,27,124,3,2,50,16/12/2022,2,0.044,IMG_7233,,
59,7/01/2023,some color,CARL354,CARL355,core,Arlington Reef,27,124,3,2,50,16/12/2022,3,0.045,IMG_7233,,
59,7/01/2023,some color,CARL354,CARL355,core,Arlington Reef,27,124,3,2,50,16/12/2022,4,0.040,IMG_7233,,
59,7/01/2023,some color,CARL354,CARL355,core,Arlington Reef,27,124,3,2,50,16/12/2022,5,0.042,IMG_7233,,
59,7/01/2023,some color,CARL354,CARL355,core,Arlington Reef,27,124,3,2,50,16/12/2022,6,0.044,IMG_7233,,
59,7/01/2023,some color,CARL354,CARL355,core,Arlington Reef,27,124,3,2,50,16/12/2022,7,0.045,IMG_7233,,
59,7/01/2023,some color,CARL354,CARL355,core,Arlington Reef,27,124,3,2,50,16/12/2022,8,0.039,IMG_7233,,
59,7/01/2023,some color,CARL354,CARL355,core,Arlington Reef,27,124,3,2,50,16/12/2022,9,0.048,IMG_7233,,
59,7/01/2023,some color,CARL354,CARL355,core,Arlington Reef,27,124,3,2,50,16/12/2022,10,0.043,IMG_7233,,
60,7/01/2023,white,LCKM159,LCKM155,leading,Cockermouth Island,28.5,237,3,2,50,6/01/2023,1,0.054,IMG_7240,,
60,7/01/2023,white,LCKM159,LCKM155,leading,Cockermouth Island,28.5,237,3,2,50,6/01/2023,2,0.054,IMG_7240,,
60,7/01/2023,white,LCKM159,LCKM155,leading,Cockermouth Island,28.5,237,3,2,50,6/01/2023,3,0.056,IMG_7240,,
60,7/01/2023,white,LCKM159,LCKM155,leading,Cockermouth Island,28.5,237,3,2,50,6/01/2023,4,0.054,IMG_7240,,
60,7/01/2023,white,LCKM159,LCKM155,leading,Cockermouth Island,28.5,237,3,2,50,6/01/2023,5,0.051,IMG_7240,,
60,7/01/2023,white,LCKM159,LCKM155,leading,Cockermouth Island,28.5,237,3,2,50,6/01/2023,6,0.060,IMG_7240,,
60,7/01/2023,white,LCKM159,LCKM155,leading,Cockermouth Island,28.5,237,3,2,50,6/01/2023,7,0.059,IMG_7240,,
60,7/01/2023,white,LCKM159,LCKM155,leading,Cockermouth Island,28.5,237,3,2,50,6/01/2023,8,0.048,IMG_7240,,
60,7/01/2023,white,LCKM159,LCKM155,leading,Cockermouth Island,28.5,237,3,2,50,6/01/2023,9,0.052,IMG_7240,,
60,7/01/2023,white,LCKM159,LCKM155,leading,Cockermouth Island,28.5,237,3,2,50,6/01/2023,10,0.058,IMG_7240,,
61,11/01/2023,white,CSUD016,CSUD078,core,Sudbury Reef,28.5,230,3,2,54,10/01/2023,1,0.049,IMG_7266,,
61,11/01/2023,white,CSUD016,CSUD078,core,Sudbury Reef,28.5,230,3,2,54,10/01/2023,2,0.051,IMG_7266,,
61,11/01/2023,white,CSUD016,CSUD078,core,Sudbury Reef,28.5,230,3,2,54,10/01/2023,3,0.048,IMG_7266,,
61,11/01/2023,white,CSUD016,CSUD078,core,Sudbury Reef,28.5,230,3,2,54,10/01/2023,4,0.056,IMG_7266,,
61,11/01/2023,white,CSUD016,CSUD078,core,Sudbury Reef,28.5,230,3,2,54,10/01/2023,5,0.052,IMG_7266,,
61,11/01/2023,white,CSUD016,CSUD078,core,Sudbury Reef,28.5,230,3,2,54,10/01/2023,6,0.050,IMG_7266,,
61,11/01/2023,white,CSUD016,CSUD078,core,Sudbury Reef,28.5,230,3,2,54,10/01/2023,7,0.053,IMG_7266,,
61,11/01/2023,white,CSUD016,CSUD078,core,Sudbury Reef,28.5,230,3,2,54,10/01/2023,8,0.051,IMG_7266,,
61,11/01/2023,white,CSUD016,CSUD078,core,Sudbury Reef,28.5,230,3,2,54,10/01/2023,9,0.053,IMG_7266,,
61,11/01/2023,white,CSUD016,CSUD078,core,Sudbury Reef,28.5,230,3,2,54,10/01/2023,10,0.050,IMG_7266,,
62,13/01/2023,white,CVLA049,CVLA098,core,Vlassof Cay,28.5,137,3,4,56,12/01/2023,1,0.044,IMG_7529,,
62,13/01/2023,white,CVLA049,CVLA098,core,Vlassof Cay,28.5,137,3,4,56,12/01/2023,2,0.053,IMG_7529,,
62,13/01/2023,white,CVLA049,CVLA098,core,Vlassof Cay,28.5,137,3,4,56,12/01/2023,3,0.046,IMG_7529,,
62,13/01/2023,white,CVLA049,CVLA098,core,Vlassof Cay,28.5,137,3,4,56,12/01/2023,4,0.045,IMG_7529,,
62,13/01/2023,white,CVLA049,CVLA098,core,Vlassof Cay,28.5,137,3,4,56,12/01/2023,5,0.049,IMG_7529,,
62,13/01/2023,white,CVLA049,CVLA098,core,Vlassof Cay,28.5,137,3,4,56,12/01/2023,6,0.045,IMG_7529,,
62,13/01/2023,white,CVLA049,CVLA098,core,Vlassof Cay,28.5,137,3,4,56,12/01/2023,7,0.050,IMG_7529,,
62,13/01/2023,white,CVLA049,CVLA098,core,Vlassof Cay,28.5,137,3,4,56,12/01/2023,8,0.040,IMG_7529,,
62,13/01/2023,white,CVLA049,CVLA098,core,Vlassof Cay,28.5,137,3,4,56,12/01/2023,9,0.049,IMG_7529,,
62,13/01/2023,white,CVLA049,CVLA098,core,Vlassof Cay,28.5,137,3,4,56,12/01/2023,10,0.048,IMG_7529,,
63,14/01/2023,white,CSUD009,CSUD212,core,Sudbury Reef,27,172,3,2,57,13/01/2023,1,0.046,IMG_7553,,
63,14/01/2023,white,CSUD009,CSUD212,core,Sudbury Reef,27,172,3,2,57,13/01/2023,2,0.052,IMG_7553,,
63,14/01/2023,white,CSUD009,CSUD212,core,Sudbury Reef,27,172,3,2,57,13/01/2023,3,0.051,IMG_7553,,
63,14/01/2023,white,CSUD009,CSUD212,core,Sudbury Reef,27,172,3,2,57,13/01/2023,4,0.052,IMG_7553,,
63,14/01/2023,white,CSUD009,CSUD212,core,Sudbury Reef,27,172,3,2,57,13/01/2023,5,0.057,IMG_7553,,
63,14/01/2023,white,CSUD009,CSUD212,core,Sudbury Reef,27,172,3,2,57,13/01/2023,6,0.059,IMG_7553,,
63,14/01/2023,white,CSUD009,CSUD212,core,Sudbury Reef,27,172,3,2,57,13/01/2023,7,0.052,IMG_7553,,
63,14/01/2023,white,CSUD009,CSUD212,core,Sudbury Reef,27,172,3,2,57,13/01/2023,8,0.050,IMG_7553,,
63,14/01/2023,white,CSUD009,CSUD212,core,Sudbury Reef,27,172,3,2,57,13/01/2023,9,0.057,IMG_7553,,
63,14/01/2023,white,CSUD009,CSUD212,core,Sudbury Reef,27,172,3,2,57,13/01/2023,10,0.052,IMG_7553,,
64,14/01/2023,white,CSUD002,CSUD213,core,Sudbury Reef,28.5,65,2,1,17,13/01/2023,1,0.051,IMG_7557,,
64,14/01/2023,white,CSUD002,CSUD213,core,Sudbury Reef,28.5,65,2,1,17,13/01/2023,2,0.053,IMG_7557,,
64,14/01/2023,white,CSUD002,CSUD213,core,Sudbury Reef,28.5,65,2,1,17,13/01/2023,3,0.06,IMG_7557,,
64,14/01/2023,white,CSUD002,CSUD213,core,Sudbury Reef,28.5,65,2,1,17,13/01/2023,4,0.055,IMG_7557,,
64,14/01/2023,white,CSUD002,CSUD213,core,Sudbury Reef,28.5,65,2,1,17,13/01/2023,5,0.06,IMG_7557,,
64,14/01/2023,white,CSUD002,CSUD213,core,Sudbury Reef,28.5,65,2,1,17,13/01/2023,6,0.05,IMG_7557,,
64,14/01/2023,white,CSUD002,CSUD213,core,Sudbury Reef,28.5,65,2,1,17,13/01/2023,7,0.053,IMG_7557,,
64,14/01/2023,white,CSUD002,CSUD213,core,Sudbury Reef,28.5,65,2,1,17,13/01/2023,8,0.053,IMG_7557,,
64,14/01/2023,white,CSUD002,CSUD213,core,Sudbury Reef,28.5,65,2,1,17,13/01/2023,9,0.052,IMG_7557,,
64,14/01/2023,white,CSUD002,CSUD213,core,Sudbury Reef,28.5,65,2,1,17,13/01/2023,10,0.063,IMG_7557,,
65,17/01/2023,white,LSBI028,LSBI027,leading,St. Bee's Island,28.5,233,3,2,60,16/01/2023,1,0.060,IMG_7607,,
65,17/01/2023,white,LSBI028,LSBI027,leading,St. Bee's Island,28.5,233,3,2,60,16/01/2023,2,0.048,IMG_7607,,
65,17/01/2023,white,LSBI028,LSBI027,leading,St. Bee's Island,28.5,233,3,2,60,16/01/2023,3,0.048,IMG_7607,,
65,17/01/2023,white,LSBI028,LSBI027,leading,St. Bee's Island,28.5,233,3,2,60,16/01/2023,4,0.054,IMG_7607,,
65,17/01/2023,white,LSBI028,LSBI027,leading,St. Bee's Island,28.5,233,3,2,60,16/01/2023,5,0.055,IMG_7607,,
65,17/01/2023,white,LSBI028,LSBI027,leading,St. Bee's Island,28.5,233,3,2,60,16/01/2023,6,0.051,IMG_7607,,
65,17/01/2023,white,LSBI028,LSBI027,leading,St. Bee's Island,28.5,233,3,2,60,16/01/2023,7,0.055,IMG_7607,,
65,17/01/2023,white,LSBI028,LSBI027,leading,St. Bee's Island,28.5,233,3,2,60,16/01/2023,8,0.058,IMG_7607,,
65,17/01/2023,white,LSBI028,LSBI027,leading,St. Bee's Island,28.5,233,3,2,60,16/01/2023,9,0.054,IMG_7607,,
65,17/01/2023,white,LSBI028,LSBI027,leading,St. Bee's Island,28.5,233,3,2,60,16/01/2023,10,0.055,IMG_7607,,
66,19/01/2023,white,CPRE375,CPRE377,core,Pretty Patches,27,268,3,1,62,18/01/2022,1,0.068,IMG_7638,,
66,19/01/2023,white,CPRE375,CPRE377,core,Pretty Patches,27,268,3,1,62,18/01/2022,2,0.068,IMG_7638,,
66,19/01/2023,white,CPRE375,CPRE377,core,Pretty Patches,27,268,3,1,62,18/01/2022,3,0.074,IMG_7638,,
66,19/01/2023,white,CPRE375,CPRE377,core,Pretty Patches,27,268,3,1,62,18/01/2022,4,0.064,IMG_7638,,
66,19/01/2023,white,CPRE375,CPRE377,core,Pretty Patches,27,268,3,1,62,18/01/2022,5,0.064,IMG_7638,,
66,19/01/2023,white,CPRE375,CPRE377,core,Pretty Patches,27,268,3,1,62,18/01/2022,6,0.061,IMG_7638,,
66,19/01/2023,white,CPRE375,CPRE377,core,Pretty Patches,27,268,3,1,62,18/01/2022,7,0.076,IMG_7638,,
66,19/01/2023,white,CPRE375,CPRE377,core,Pretty Patches,27,268,3,1,62,18/01/2022,8,0.07,IMG_7638,,
66,19/01/2023,white,CPRE375,CPRE377,core,Pretty Patches,27,268,3,1,62,18/01/2022,9,0.067,IMG_7638,,
66,19/01/2023,white,CPRE375,CPRE377,core,Pretty Patches,27,268,3,1,62,18/01/2022,10,0.063,IMG_7638,,
67,19/01/2023,white,CSUD013,CSUD017,core,Sudbury Reef,27,271,3,3,62,18/01/2022,1,0.055,IMG_7643,,
67,19/01/2023,white,CSUD013,CSUD017,core,Sudbury Reef,27,271,3,3,62,18/01/2022,2,0.054,IMG_7643,,
67,19/01/2023,white,CSUD013,CSUD017,core,Sudbury Reef,27,271,3,3,62,18/01/2022,3,0.054,IMG_7643,,
67,19/01/2023,white,CSUD013,CSUD017,core,Sudbury Reef,27,271,3,3,62,18/01/2022,4,0.05,IMG_7643,,
67,19/01/2023,white,CSUD013,CSUD017,core,Sudbury Reef,27,271,3,3,62,18/01/2022,5,0.056,IMG_7643,,
67,19/01/2023,white,CSUD013,CSUD017,core,Sudbury Reef,27,271,3,3,62,18/01/2022,6,0.056,IMG_7643,,
67,19/01/2023,white,CSUD013,CSUD017,core,Sudbury Reef,27,271,3,3,62,18/01/2022,7,0.054,IMG_7643,,
67,19/01/2023,white,CSUD013,CSUD017,core,Sudbury Reef,27,271,3,3,62,18/01/2022,8,0.051,IMG_7643,,
67,19/01/2023,white,CSUD013,CSUD017,core,Sudbury Reef,27,271,3,3,62,18/01/2022,9,0.049,IMG_7643,,
67,19/01/2023,white,CSUD013,CSUD017,core,Sudbury Reef,27,271,3,3,62,18/01/2022,10,0.049,IMG_7643,,
68,20/01/2023,white,CARL218,CARL222,core,Arlington Reef,30,109,3,3,63,19/01/2023,1,0.048,IMG_7666,,
68,20/01/2023,white,CARL218,CARL222,core,Arlington Reef,30,109,3,3,63,19/01/2023,2,0.049,IMG_7666,,
68,20/01/2023,white,CARL218,CARL222,core,Arlington Reef,30,109,3,3,63,19/01/2023,3,0.042,IMG_7666,,
68,20/01/2023,white,CARL218,CARL222,core,Arlington Reef,30,109,3,3,63,19/01/2023,4,0.044,IMG_7666,,
68,20/01/2023,white,CARL218,CARL222,core,Arlington Reef,30,109,3,3,63,19/01/2023,5,0.045,IMG_7666,,
68,20/01/2023,white,CARL218,CARL222,core,Arlington Reef,30,109,3,3,63,19/01/2023,6,0.045,IMG_7666,,
68,20/01/2023,white,CARL218,CARL222,core,Arlington Reef,30,109,3,3,63,19/01/2023,7,0.051,IMG_7666,,
68,20/01/2023,white,CARL218,CARL222,core,Arlington Reef,30,109,3,3,63,19/01/2023,8,0.047,IMG_7666,,
68,20/01/2023,white,CARL218,CARL222,core,Arlington Reef,30,109,3,3,63,19/01/2023,9,0.046,IMG_7666,,
68,20/01/2023,white,CARL218,CARL222,core,Arlington Reef,30,109,3,3,63,19/01/2023,10,0.046,IMG_7666,,
69,20/01/2023,white,LCKM164,LCKM156,leading,Cockermouth Island,28.5,242,3,2,63,19/01/2023,1,0.058,IMG_7671,,
69,20/01/2023,white,LCKM164,LCKM156,leading,Cockermouth Island,28.5,242,3,2,63,19/01/2023,2,0.055,IMG_7671,,
69,20/01/2023,white,LCKM164,LCKM156,leading,Cockermouth Island,28.5,242,3,2,63,19/01/2023,3,0.055,IMG_7671,,
69,20/01/2023,white,LCKM164,LCKM156,leading,Cockermouth Island,28.5,242,3,2,63,19/01/2023,4,0.058,IMG_7671,,
69,20/01/2023,white,LCKM164,LCKM156,leading,Cockermouth Island,28.5,242,3,2,63,19/01/2023,5,0.052,IMG_7671,,
69,20/01/2023,white,LCKM164,LCKM156,leading,Cockermouth Island,28.5,242,3,2,63,19/01/2023,6,0.056,IMG_7671,,
69,20/01/2023,white,LCKM164,LCKM156,leading,Cockermouth Island,28.5,242,3,2,63,19/01/2023,7,0.057,IMG_7671,,
69,20/01/2023,white,LCKM164,LCKM156,leading,Cockermouth Island,28.5,242,3,2,63,19/01/2023,8,0.055,IMG_7671,,
69,20/01/2023,white,LCKM164,LCKM156,leading,Cockermouth Island,28.5,242,3,2,63,19/01/2023,9,0.055,IMG_7671,,
69,20/01/2023,white,LCKM164,LCKM156,leading,Cockermouth Island,28.5,242,3,2,63,19/01/2023,10,0.057,IMG_7671,,
70,20/01/2023,white,CSUD310,CSUD306,core,Sudbury Reef,30,255,3,2,63,19/01/2023,1,0.047,IMG_7675,,
70,20/01/2023,white,CSUD310,CSUD306,core,Sudbury Reef,30,255,3,2,63,19/01/2023,2,0.053,IMG_7675,,
70,20/01/2023,white,CSUD310,CSUD306,core,Sudbury Reef,30,255,3,2,63,19/01/2023,3,0.05,IMG_7675,,
70,20/01/2023,white,CSUD310,CSUD306,core,Sudbury Reef,30,255,3,2,63,19/01/2023,4,0.05,IMG_7675,,
70,20/01/2023,white,CSUD310,CSUD306,core,Sudbury Reef,30,255,3,2,63,19/01/2023,5,0.048,IMG_7675,,
70,20/01/2023,white,CSUD310,CSUD306,core,Sudbury Reef,30,255,3,2,63,19/01/2023,6,0.051,IMG_7675,,
70,20/01/2023,white,CSUD310,CSUD306,core,Sudbury Reef,30,255,3,2,63,19/01/2023,7,0.054,IMG_7675,,
70,20/01/2023,white,CSUD310,CSUD306,core,Sudbury Reef,30,255,3,2,63,19/01/2023,8,0.053,IMG_7675,,
70,20/01/2023,white,CSUD310,CSUD306,core,Sudbury Reef,30,255,3,2,63,19/01/2023,9,0.046,IMG_7675,,
70,20/01/2023,white,CSUD310,CSUD306,core,Sudbury Reef,30,255,3,2,63,19/01/2023,10,0.044,IMG_7675,,
71,21/01/2023,white,CVLA106,CVLA091,core,Vlassof Cay,30,105,3,4,64,20/01/2023,1,NA,NO PHOTOS,,
71,21/01/2023,white,CVLA106,CVLA091,core,Vlassof Cay,30,105,3,4,64,20/01/2023,2,NA,NO PHOTOS,,
71,21/01/2023,white,CVLA106,CVLA091,core,Vlassof Cay,30,105,3,4,64,20/01/2023,3,NA,NO PHOTOS,,
71,21/01/2023,white,CVLA106,CVLA091,core,Vlassof Cay,30,105,3,4,64,20/01/2023,4,NA,NO PHOTOS,,
71,21/01/2023,white,CVLA106,CVLA091,core,Vlassof Cay,30,105,3,4,64,20/01/2023,5,NA,NO PHOTOS,,
71,21/01/2023,white,CVLA106,CVLA091,core,Vlassof Cay,30,105,3,4,64,20/01/2023,6,NA,NO PHOTOS,,
71,21/01/2023,white,CVLA106,CVLA091,core,Vlassof Cay,30,105,3,4,64,20/01/2023,7,NA,NO PHOTOS,,
71,21/01/2023,white,CVLA106,CVLA091,core,Vlassof Cay,30,105,3,4,64,20/01/2023,8,NA,NO PHOTOS,,
71,21/01/2023,white,CVLA106,CVLA091,core,Vlassof Cay,30,105,3,4,64,20/01/2023,9,NA,NO PHOTOS,,
71,21/01/2023,white,CVLA106,CVLA091,core,Vlassof Cay,30,105,3,4,64,20/01/2023,10,NA,NO PHOTOS,,
73,NA,NA,CARL344,CARL370,core,Arlington Reef,30,112,3,2,64,20/02/2023,1,NA,NO PHOTOS,,
73,NA,NA,CARL344,CARL370,core,Arlington Reef,30,112,3,2,64,20/02/2023,2,NA,NO PHOTOS,,
73,NA,NA,CARL344,CARL370,core,Arlington Reef,30,112,3,2,64,20/02/2023,3,NA,NO PHOTOS,,
73,NA,NA,CARL344,CARL370,core,Arlington Reef,30,112,3,2,64,20/02/2023,4,NA,NO PHOTOS,,
73,NA,NA,CARL344,CARL370,core,Arlington Reef,30,112,3,2,64,20/02/2023,5,NA,NO PHOTOS,,
73,NA,NA,CARL344,CARL370,core,Arlington Reef,30,112,3,2,64,20/02/2023,6,NA,NO PHOTOS,,
73,NA,NA,CARL344,CARL370,core,Arlington Reef,30,112,3,2,64,20/02/2023,7,NA,NO PHOTOS,,
73,NA,NA,CARL344,CARL370,core,Arlington Reef,30,112,3,2,64,20/02/2023,8,NA,NO PHOTOS,,
73,NA,NA,CARL344,CARL370,core,Arlington Reef,30,112,3,2,64,20/02/2023,9,NA,NO PHOTOS,,
73,NA,NA,CARL344,CARL370,core,Arlington Reef,30,112,3,2,64,20/02/2023,10,NA,NO PHOTOS,,
74,22/01/2023,white,LSBI023,LCHA118,leading,Chauvel Reef/St. Bee's Island,28.5,235,3,2,65,21/01/2023,1,0.040,IMG_7725,,
74,22/01/2023,white,LSBI023,LCHA118,leading,Chauvel Reef/St. Bee's Island,28.5,235,3,2,65,21/01/2023,2,0.046,IMG_7725,,
74,22/01/2023,white,LSBI023,LCHA118,leading,Chauvel Reef/St. Bee's Island,28.5,235,3,2,65,21/01/2023,3,0.042,IMG_7725,,
74,22/01/2023,white,LSBI023,LCHA118,leading,Chauvel Reef/St. Bee's Island,28.5,235,3,2,65,21/01/2023,4,0.043,IMG_7725,,
74,22/01/2023,white,LSBI023,LCHA118,leading,Chauvel Reef/St. Bee's Island,28.5,235,3,2,65,21/01/2023,5,0.042,IMG_7725,,
74,22/01/2023,white,LSBI023,LCHA118,leading,Chauvel Reef/St. Bee's Island,28.5,235,3,2,65,21/01/2023,6,0.040,IMG_7725,,
74,22/01/2023,white,LSBI023,LCHA118,leading,Chauvel Reef/St. Bee's Island,28.5,235,3,2,65,21/01/2023,7,0.047,IMG_7725,,
74,22/01/2023,white,LSBI023,LCHA118,leading,Chauvel Reef/St. Bee's Island,28.5,235,3,2,65,21/01/2023,8,0.046,IMG_7725,,
74,22/01/2023,white,LSBI023,LCHA118,leading,Chauvel Reef/St. Bee's Island,28.5,235,3,2,65,21/01/2023,9,0.043,IMG_7725,,
74,22/01/2023,white,LSBI023,LCHA118,leading,Chauvel Reef/St. Bee's Island,28.5,235,3,2,65,21/01/2023,10,0.046,IMG_7725,,
75,22/01/2023,white,LSBI034,LCHA120,leading,Chauvel Reef/St. Bee's Island,28.5,244,3,2,65,21/01/2023,1,0.048,IMG_7730,,
75,22/01/2023,white,LSBI034,LCHA120,leading,Chauvel Reef/St. Bee's Island,28.5,244,3,2,65,21/01/2023,2,0.047,IMG_7730,,
75,22/01/2023,white,LSBI034,LCHA120,leading,Chauvel Reef/St. Bee's Island,28.5,244,3,2,65,21/01/2023,3,0.049,IMG_7730,,
75,22/01/2023,white,LSBI034,LCHA120,leading,Chauvel Reef/St. Bee's Island,28.5,244,3,2,65,21/01/2023,4,0.047,IMG_7730,,
75,22/01/2023,white,LSBI034,LCHA120,leading,Chauvel Reef/St. Bee's Island,28.5,244,3,2,65,21/01/2023,5,0.048,IMG_7730,,
75,22/01/2023,white,LSBI034,LCHA120,leading,Chauvel Reef/St. Bee's Island,28.5,244,3,2,65,21/01/2023,6,0.049,IMG_7730,,
75,22/01/2023,white,LSBI034,LCHA120,leading,Chauvel Reef/St. Bee's Island,28.5,244,3,2,65,21/01/2023,7,0.048,IMG_7730,,
75,22/01/2023,white,LSBI034,LCHA120,leading,Chauvel Reef/St. Bee's Island,28.5,244,3,2,65,21/01/2023,8,0.048,IMG_7730,,
75,22/01/2023,white,LSBI034,LCHA120,leading,Chauvel Reef/St. Bee's Island,28.5,244,3,2,65,21/01/2023,9,0.048,IMG_7730,,
75,22/01/2023,white,LSBI034,LCHA120,leading,Chauvel Reef/St. Bee's Island,28.5,244,3,2,65,21/01/2023,10,0.048,IMG_7730,,
76,26/01/2023,white,CPRE372,CPRE209,core,Pretty Patches,27,168,3,2,69,25/01/2022,1,0.057,IMG_7787,,
76,26/01/2023,white,CPRE372,CPRE209,core,Pretty Patches,27,168,3,2,69,25/01/2022,2,0.049,IMG_7787,,
76,26/01/2023,white,CPRE372,CPRE209,core,Pretty Patches,27,168,3,2,69,25/01/2022,3,0.053,IMG_7787,,
76,26/01/2023,white,CPRE372,CPRE209,core,Pretty Patches,27,168,3,2,69,25/01/2022,4,0.053,IMG_7787,,
76,26/01/2023,white,CPRE372,CPRE209,core,Pretty Patches,27,168,3,2,69,25/01/2022,5,0.059,IMG_7787,,
76,26/01/2023,white,CPRE372,CPRE209,core,Pretty Patches,27,168,3,2,69,25/01/2022,6,0.056,IMG_7787,,
76,26/01/2023,white,CPRE372,CPRE209,core,Pretty Patches,27,168,3,2,69,25/01/2022,7,0.056,IMG_7787,,
76,26/01/2023,white,CPRE372,CPRE209,core,Pretty Patches,27,168,3,2,69,25/01/2022,8,0.056,IMG_7787,,
76,26/01/2023,white,CPRE372,CPRE209,core,Pretty Patches,27,168,3,2,69,25/01/2022,9,0.059,IMG_7787,,
76,26/01/2023,white,CPRE372,CPRE209,core,Pretty Patches,27,168,3,2,69,25/01/2022,10,0.061,IMG_7787,,
77,29/01/2023,white,CARL217,CARL226,core,Arlington Reef,28.5,144,3,3,72,28/01/2023,1,0.042,IMG_7805,,
77,29/01/2023,white,CARL217,CARL226,core,Arlington Reef,28.5,144,3,3,72,28/01/2023,2,0.048,IMG_7805,,
77,29/01/2023,white,CARL217,CARL226,core,Arlington Reef,28.5,144,3,3,72,28/01/2023,3,0.04,IMG_7805,,
77,29/01/2023,white,CARL217,CARL226,core,Arlington Reef,28.5,144,3,3,72,28/01/2023,4,0.04,IMG_7805,,
77,29/01/2023,white,CARL217,CARL226,core,Arlington Reef,28.5,144,3,3,72,28/01/2023,5,0.036,IMG_7805,,
77,29/01/2023,white,CARL217,CARL226,core,Arlington Reef,28.5,144,3,3,72,28/01/2023,6,0.037,IMG_7805,,
77,29/01/2023,white,CARL217,CARL226,core,Arlington Reef,28.5,144,3,3,72,28/01/2023,7,0.045,IMG_7805,,
77,29/01/2023,white,CARL217,CARL226,core,Arlington Reef,28.5,144,3,3,72,28/01/2023,8,0.048,IMG_7805,,
77,29/01/2023,white,CARL217,CARL226,core,Arlington Reef,28.5,144,3,3,72,28/01/2023,9,0.039,IMG_7805,,
77,29/01/2023,white,CARL217,CARL226,core,Arlington Reef,28.5,144,3,3,72,28/01/2023,10,0.043,IMG_7805,,
78,30/01/2023,some color,CPRE189,CPRE202,core,Pretty Patches,28.5,208,3,3,73,29/01/2022,1,0.049,IMG_7821,,
78,30/01/2023,some color,CPRE189,CPRE202,core,Pretty Patches,28.5,208,3,3,73,29/01/2022,2,0.048,IMG_7821,,
78,30/01/2023,some color,CPRE189,CPRE202,core,Pretty Patches,28.5,208,3,3,73,29/01/2022,3,0.049,IMG_7821,,
78,30/01/2023,some color,CPRE189,CPRE202,core,Pretty Patches,28.5,208,3,3,73,29/01/2022,4,0.042,IMG_7821,,
78,30/01/2023,some color,CPRE189,CPRE202,core,Pretty Patches,28.5,208,3,3,73,29/01/2022,5,0.045,IMG_7821,,
78,30/01/2023,some color,CPRE189,CPRE202,core,Pretty Patches,28.5,208,3,3,73,29/01/2022,6,0.046,IMG_7821,,
78,30/01/2023,some color,CPRE189,CPRE202,core,Pretty Patches,28.5,208,3,3,73,29/01/2022,7,0.045,IMG_7821,,
78,30/01/2023,some color,CPRE189,CPRE202,core,Pretty Patches,28.5,208,3,3,73,29/01/2022,8,0.051,IMG_7821,,
78,30/01/2023,some color,CPRE189,CPRE202,core,Pretty Patches,28.5,208,3,3,73,29/01/2022,9,0.046,IMG_7821,,
78,30/01/2023,some color,CPRE189,CPRE202,core,Pretty Patches,28.5,208,3,3,73,29/01/2022,10,0.053,IMG_7821,,
79,31/01/2023,white,CARL344,CARL370,core,Arlington Reef,30,112,3,3,74,20/01/2023,1,0.037,IMG_7893,,
79,31/01/2023,white,CARL344,CARL370,core,Arlington Reef,30,112,3,3,74,20/01/2023,2,0.041,IMG_7893,,
79,31/01/2023,white,CARL344,CARL370,core,Arlington Reef,30,112,3,3,74,20/01/2023,3,0.041,IMG_7893,,
79,31/01/2023,white,CARL344,CARL370,core,Arlington Reef,30,112,3,3,74,20/01/2023,4,0.039,IMG_7893,,
79,31/01/2023,white,CARL344,CARL370,core,Arlington Reef,30,112,3,3,74,20/01/2023,5,0.043,IMG_7893,,
79,31/01/2023,white,CARL344,CARL370,core,Arlington Reef,30,112,3,3,74,20/01/2023,6,0.044,IMG_7893,,
79,31/01/2023,white,CARL344,CARL370,core,Arlington Reef,30,112,3,3,74,20/01/2023,7,0.043,IMG_7893,,
79,31/01/2023,white,CARL344,CARL370,core,Arlington Reef,30,112,3,3,74,20/01/2023,8,0.038,IMG_7893,,
79,31/01/2023,white,CARL344,CARL370,core,Arlington Reef,30,112,3,3,74,20/01/2023,9,0.042,IMG_7893,,
79,31/01/2023,white,CARL344,CARL370,core,Arlington Reef,30,112,3,3,74,20/01/2023,10,0.043,IMG_7893,,
80,1/02/2023,white,CARL237,CARL219,core,Arlington Reef,27,247,3,2,75,31/01/2023,1,0.049,IMG_7903,,
80,1/02/2023,white,CARL237,CARL219,core,Arlington Reef,27,247,3,2,75,31/01/2023,2,0.051,IMG_7903,,
80,1/02/2023,white,CARL237,CARL219,core,Arlington Reef,27,247,3,2,75,31/01/2023,3,0.054,IMG_7903,,
80,1/02/2023,white,CARL237,CARL219,core,Arlington Reef,27,247,3,2,75,31/01/2023,4,0.049,IMG_7903,,
80,1/02/2023,white,CARL237,CARL219,core,Arlington Reef,27,247,3,2,75,31/01/2023,5,0.049,IMG_7903,,
80,1/02/2023,white,CARL237,CARL219,core,Arlington Reef,27,247,3,2,75,31/01/2023,6,0.051,IMG_7903,,
80,1/02/2023,white,CARL237,CARL219,core,Arlington Reef,27,247,3,2,75,31/01/2023,7,0.053,IMG_7903,,
80,1/02/2023,white,CARL237,CARL219,core,Arlington Reef,27,247,3,2,75,31/01/2023,8,0.049,IMG_7903,,
80,1/02/2023,white,CARL237,CARL219,core,Arlington Reef,27,247,3,2,75,31/01/2023,9,0.051,IMG_7903,,
80,1/02/2023,white,CARL237,CARL219,core,Arlington Reef,27,247,3,2,75,31/01/2023,10,0.051,IMG_7903,,
81,3/02/2023,white,CARL230,CARL235,core,Arlington Reef,27,253,3,1,77,2/02/2023,1,0.049,IMG_7947,,
81,3/02/2023,white,CARL230,CARL235,core,Arlington Reef,27,253,3,1,77,2/02/2023,2,0.046,IMG_7947,,
81,3/02/2023,white,CARL230,CARL235,core,Arlington Reef,27,253,3,1,77,2/02/2023,3,0.048,IMG_7947,,
81,3/02/2023,white,CARL230,CARL235,core,Arlington Reef,27,253,3,1,77,2/02/2023,4,0.049,IMG_7947,,
81,3/02/2023,white,CARL230,CARL235,core,Arlington Reef,27,253,3,1,77,2/02/2023,5,0.044,IMG_7947,,
81,3/02/2023,white,CARL230,CARL235,core,Arlington Reef,27,253,3,1,77,2/02/2023,6,0.047,IMG_7947,,
81,3/02/2023,white,CARL230,CARL235,core,Arlington Reef,27,253,3,1,77,2/02/2023,7,0.046,IMG_7947,,
81,3/02/2023,white,CARL230,CARL235,core,Arlington Reef,27,253,3,1,77,2/02/2023,8,0.043,IMG_7947,,
81,3/02/2023,white,CARL230,CARL235,core,Arlington Reef,27,253,3,1,77,2/02/2023,9,0.047,IMG_7947,,
81,3/02/2023,white,CARL230,CARL235,core,Arlington Reef,27,253,3,1,77,2/02/2023,10,0.051,IMG_7947,,
82,3/02/2023,white,COTT407,COTT399,core,Otter Reef,28.5,15,2,1,77,2/02/2023,1,0.051,IMG_7953,,
82,3/02/2023,white,COTT407,COTT399,core,Otter Reef,28.5,15,2,1,77,2/02/2023,2,0.05,IMG_7953,,
82,3/02/2023,white,COTT407,COTT399,core,Otter Reef,28.5,15,2,1,77,2/02/2023,3,0.053,IMG_7953,,
82,3/02/2023,white,COTT407,COTT399,core,Otter Reef,28.5,15,2,1,77,2/02/2023,4,0.045,IMG_7953,,
82,3/02/2023,white,COTT407,COTT399,core,Otter Reef,28.5,15,2,1,77,2/02/2023,5,0.045,IMG_7953,,
82,3/02/2023,white,COTT407,COTT399,core,Otter Reef,28.5,15,2,1,77,2/02/2023,6,0.053,IMG_7953,,
82,3/02/2023,white,COTT407,COTT399,core,Otter Reef,28.5,15,2,1,77,2/02/2023,7,0.057,IMG_7953,,
82,3/02/2023,white,COTT407,COTT399,core,Otter Reef,28.5,15,2,1,77,2/02/2023,8,0.052,IMG_7953,,
82,3/02/2023,white,COTT407,COTT399,core,Otter Reef,28.5,15,2,1,77,2/02/2023,9,0.047,IMG_7953,,
82,3/02/2023,white,COTT407,COTT399,core,Otter Reef,28.5,15,2,1,77,2/02/2023,10,0.05,IMG_7953,,
83,4/02/2023,white,CVLA049,CVLA098,core,Vlassof Cay,28.5,137,3,5,78,3/02/2023,1,0.041,IMG_7980,,
83,4/02/2023,white,CVLA049,CVLA098,core,Vlassof Cay,28.5,137,3,5,78,3/02/2023,2,0.036,IMG_7980,,
83,4/02/2023,white,CVLA049,CVLA098,core,Vlassof Cay,28.5,137,3,5,78,3/02/2023,3,0.038,IMG_7980,,
83,4/02/2023,white,CVLA049,CVLA098,core,Vlassof Cay,28.5,137,3,5,78,3/02/2023,4,0.039,IMG_7980,,
83,4/02/2023,white,CVLA049,CVLA098,core,Vlassof Cay,28.5,137,3,5,78,3/02/2023,5,0.039,IMG_7980,,
83,4/02/2023,white,CVLA049,CVLA098,core,Vlassof Cay,28.5,137,3,5,78,3/02/2023,6,0.036,IMG_7980,,
83,4/02/2023,white,CVLA049,CVLA098,core,Vlassof Cay,28.5,137,3,5,78,3/02/2023,7,0.038,IMG_7980,,
83,4/02/2023,white,CVLA049,CVLA098,core,Vlassof Cay,28.5,137,3,5,78,3/02/2023,8,0.038,IMG_7980,,
83,4/02/2023,white,CVLA049,CVLA098,core,Vlassof Cay,28.5,137,3,5,78,3/02/2023,9,0.04,IMG_7980,,
83,4/02/2023,white,CVLA049,CVLA098,core,Vlassof Cay,28.5,137,3,5,78,3/02/2023,10,0.036,IMG_7980,,
84,5/02/2023,white,CARL233,CARL215,core,Arlington Reef,30,108,3,2,79,4/02/2023,1,0.049,IMG_7998,,
84,5/02/2023,white,CARL233,CARL215,core,Arlington Reef,30,108,3,2,79,4/02/2023,2,0.053,IMG_7998,,
84,5/02/2023,white,CARL233,CARL215,core,Arlington Reef,30,108,3,2,79,4/02/2023,3,0.044,IMG_7998,,
84,5/02/2023,white,CARL233,CARL215,core,Arlington Reef,30,108,3,2,79,4/02/2023,4,0.046,IMG_7998,,
84,5/02/2023,white,CARL233,CARL215,core,Arlington Reef,30,108,3,2,79,4/02/2023,5,0.046,IMG_7998,,
84,5/02/2023,white,CARL233,CARL215,core,Arlington Reef,30,108,3,2,79,4/02/2023,6,0.044,IMG_7998,,
84,5/02/2023,white,CARL233,CARL215,core,Arlington Reef,30,108,3,2,79,4/02/2023,7,0.046,IMG_7998,,
84,5/02/2023,white,CARL233,CARL215,core,Arlington Reef,30,108,3,2,79,4/02/2023,8,0.042,IMG_7998,,
84,5/02/2023,white,CARL233,CARL215,core,Arlington Reef,30,108,3,2,79,4/02/2023,9,0.044,IMG_7998,,
84,5/02/2023,white,CARL233,CARL215,core,Arlington Reef,30,108,3,2,79,4/02/2023,10,0.038,IMG_7998,,
85,5/02/2023,white,CARL354,CARL355,core,Arlington Reef,27,124,3,3,79,4/02/2023,1,0.052,IMG_8005,,
85,5/02/2023,white,CARL354,CARL355,core,Arlington Reef,27,124,3,3,79,4/02/2023,2,0.049,IMG_8005,,
85,5/02/2023,white,CARL354,CARL355,core,Arlington Reef,27,124,3,3,79,4/02/2023,3,0.049,IMG_8005,,
85,5/02/2023,white,CARL354,CARL355,core,Arlington Reef,27,124,3,3,79,4/02/2023,4,0.051,IMG_8005,,
85,5/02/2023,white,CARL354,CARL355,core,Arlington Reef,27,124,3,3,79,4/02/2023,5,0.052,IMG_8005,,
85,5/02/2023,white,CARL354,CARL355,core,Arlington Reef,27,124,3,3,79,4/02/2023,6,0.048,IMG_8005,,
85,5/02/2023,white,CARL354,CARL355,core,Arlington Reef,27,124,3,3,79,4/02/2023,7,0.055,IMG_8005,,
85,5/02/2023,white,CARL354,CARL355,core,Arlington Reef,27,124,3,3,79,4/02/2023,8,0.052,IMG_8005,,
85,5/02/2023,white,CARL354,CARL355,core,Arlington Reef,27,124,3,3,79,4/02/2023,9,0.052,IMG_8005,,
85,5/02/2023,white,CARL354,CARL355,core,Arlington Reef,27,124,3,3,79,4/02/2023,10,0.047,IMG_8005,,
86,7/02/2023,white,CPRE391,CPRE390,core,Pretty Patches,30,204,3,1,81,6/02/2023,1,0.043,IMG_8073,,
86,7/02/2023,white,CPRE391,CPRE390,core,Pretty Patches,30,204,3,1,81,6/02/2023,2,0.042,IMG_8073,,
86,7/02/2023,white,CPRE391,CPRE390,core,Pretty Patches,30,204,3,1,81,6/02/2023,3,0.036,IMG_8073,,
86,7/02/2023,white,CPRE391,CPRE390,core,Pretty Patches,30,204,3,1,81,6/02/2023,4,0.041,IMG_8073,,
86,7/02/2023,white,CPRE391,CPRE390,core,Pretty Patches,30,204,3,1,81,6/02/2023,5,0.04,IMG_8073,,
86,7/02/2023,white,CPRE391,CPRE390,core,Pretty Patches,30,204,3,1,81,6/02/2023,6,0.043,IMG_8073,,
86,7/02/2023,white,CPRE391,CPRE390,core,Pretty Patches,30,204,3,1,81,6/02/2023,7,0.044,IMG_8073,,
86,7/02/2023,white,CPRE391,CPRE390,core,Pretty Patches,30,204,3,1,81,6/02/2023,8,0.04,IMG_8073,,
86,7/02/2023,white,CPRE391,CPRE390,core,Pretty Patches,30,204,3,1,81,6/02/2023,9,0.04,IMG_8073,,
86,7/02/2023,white,CPRE391,CPRE390,core,Pretty Patches,30,204,3,1,81,6/02/2023,10,0.038,IMG_8073,,
87,7/02/2023,white,CRUS426,CRUS360,core,Russel Island,28.5,6,2,1,81,6/02/2023,1,0.063,IMG_8078,,
87,7/02/2023,white,CRUS426,CRUS360,core,Russel Island,28.5,6,2,1,81,6/02/2023,2,0.055,IMG_8078,,
87,7/02/2023,white,CRUS426,CRUS360,core,Russel Island,28.5,6,2,1,81,6/02/2023,3,0.054,IMG_8078,,
87,7/02/2023,white,CRUS426,CRUS360,core,Russel Island,28.5,6,2,1,81,6/02/2023,4,0.053,IMG_8078,,
87,7/02/2023,white,CRUS426,CRUS360,core,Russel Island,28.5,6,2,1,81,6/02/2023,5,0.056,IMG_8078,,
87,7/02/2023,white,CRUS426,CRUS360,core,Russel Island,28.5,6,2,1,81,6/02/2023,6,0.057,IMG_8078,,
87,7/02/2023,white,CRUS426,CRUS360,core,Russel Island,28.5,6,2,1,81,6/02/2023,7,0.057,IMG_8078,,
87,7/02/2023,white,CRUS426,CRUS360,core,Russel Island,28.5,6,2,1,81,6/02/2023,8,0.058,IMG_8078,,
87,7/02/2023,white,CRUS426,CRUS360,core,Russel Island,28.5,6,2,1,81,6/02/2023,9,0.058,IMG_8078,,
87,7/02/2023,white,CRUS426,CRUS360,core,Russel Island,28.5,6,2,1,81,6/02/2023,10,0.052,IMG_8078,,
88,8/02/2023,white,CSUD312,CSUD304,core,Sudbury Reef,30,161,3,1,82,7/02/2023,1,0.042,IMG_8097,,
88,8/02/2023,white,CSUD312,CSUD304,core,Sudbury Reef,30,161,3,1,82,7/02/2023,2,0.043,IMG_8097,,
88,8/02/2023,white,CSUD312,CSUD304,core,Sudbury Reef,30,161,3,1,82,7/02/2023,3,0.041,IMG_8097,,
88,8/02/2023,white,CSUD312,CSUD304,core,Sudbury Reef,30,161,3,1,82,7/02/2023,4,0.041,IMG_8097,,
88,8/02/2023,white,CSUD312,CSUD304,core,Sudbury Reef,30,161,3,1,82,7/02/2023,5,0.048,IMG_8097,,
88,8/02/2023,white,CSUD312,CSUD304,core,Sudbury Reef,30,161,3,1,82,7/02/2023,6,0.053,IMG_8097,,
88,8/02/2023,white,CSUD312,CSUD304,core,Sudbury Reef,30,161,3,1,82,7/02/2023,7,0.048,IMG_8097,,
88,8/02/2023,white,CSUD312,CSUD304,core,Sudbury Reef,30,161,3,1,82,7/02/2023,8,0.044,IMG_8097,,
88,8/02/2023,white,CSUD312,CSUD304,core,Sudbury Reef,30,161,3,1,82,7/02/2023,9,0.043,IMG_8097,,
88,8/02/2023,white,CSUD312,CSUD304,core,Sudbury Reef,30,161,3,1,82,7/02/2023,10,0.045,IMG_8097,,
89,NA,NA,LCKM159,LCKM155,leading,Cockermouth Island,28.5,237,3,3,84,17/01/2023,1,NA,NO PHOTOS,,
89,NA,NA,LCKM159,LCKM155,leading,Cockermouth Island,28.5,237,3,3,84,17/01/2023,2,NA,NO PHOTOS,,
89,NA,NA,LCKM159,LCKM155,leading,Cockermouth Island,28.5,237,3,3,84,17/01/2023,3,NA,NO PHOTOS,,
89,NA,NA,LCKM159,LCKM155,leading,Cockermouth Island,28.5,237,3,3,84,17/01/2023,4,NA,NO PHOTOS,,
89,NA,NA,LCKM159,LCKM155,leading,Cockermouth Island,28.5,237,3,3,84,17/01/2023,5,NA,NO PHOTOS,,
89,NA,NA,LCKM159,LCKM155,leading,Cockermouth Island,28.5,237,3,3,84,17/01/2023,6,NA,NO PHOTOS,,
89,NA,NA,LCKM159,LCKM155,leading,Cockermouth Island,28.5,237,3,3,84,17/01/2023,7,NA,NO PHOTOS,,
89,NA,NA,LCKM159,LCKM155,leading,Cockermouth Island,28.5,237,3,3,84,17/01/2023,8,NA,NO PHOTOS,,
89,NA,NA,LCKM159,LCKM155,leading,Cockermouth Island,28.5,237,3,3,84,17/01/2023,9,NA,NO PHOTOS,,
89,NA,NA,LCKM159,LCKM155,leading,Cockermouth Island,28.5,237,3,3,84,17/01/2023,10,NA,NO PHOTOS,,
90,10/02/2023,white,CSAT265,CSAT264,core,Satellite Reef,28.5,37,2,1,84,9/02/2023,1,0.042,IMG_8116,,
90,10/02/2023,white,CSAT265,CSAT264,core,Satellite Reef,28.5,37,2,1,84,9/02/2023,2,0.047,IMG_8116,,
90,10/02/2023,white,CSAT265,CSAT264,core,Satellite Reef,28.5,37,2,1,84,9/02/2023,3,0.046,IMG_8116,,
90,10/02/2023,white,CSAT265,CSAT264,core,Satellite Reef,28.5,37,2,1,84,9/02/2023,4,0.041,IMG_8116,,
90,10/02/2023,white,CSAT265,CSAT264,core,Satellite Reef,28.5,37,2,1,84,9/02/2023,5,0.044,IMG_8116,,
90,10/02/2023,white,CSAT265,CSAT264,core,Satellite Reef,28.5,37,2,1,84,9/02/2023,6,0.046,IMG_8116,,
90,10/02/2023,white,CSAT265,CSAT264,core,Satellite Reef,28.5,37,2,1,84,9/02/2023,7,0.048,IMG_8116,,
90,10/02/2023,white,CSAT265,CSAT264,core,Satellite Reef,28.5,37,2,1,84,9/02/2023,8,0.046,IMG_8116,,
90,10/02/2023,white,CSAT265,CSAT264,core,Satellite Reef,28.5,37,2,1,84,9/02/2023,9,0.044,IMG_8116,,
90,10/02/2023,white,CSAT265,CSAT264,core,Satellite Reef,28.5,37,2,1,84,9/02/2023,10,0.044,IMG_8116,,
91,11/02/2023,white,CARL241,CARL239,core,Arlington Reef,27,150,3,3,85,9/02/2023,1,0.053,IMG_8135,,
91,11/02/2023,white,CARL241,CARL239,core,Arlington Reef,27,150,3,3,85,9/02/2023,2,0.054,IMG_8135,,
91,11/02/2023,white,CARL241,CARL239,core,Arlington Reef,27,150,3,3,85,9/02/2023,3,0.052,IMG_8135,,
91,11/02/2023,white,CARL241,CARL239,core,Arlington Reef,27,150,3,3,85,9/02/2023,4,0.056,IMG_8135,,
91,11/02/2023,white,CARL241,CARL239,core,Arlington Reef,27,150,3,3,85,9/02/2023,5,0.053,IMG_8135,,
91,11/02/2023,white,CARL241,CARL239,core,Arlington Reef,27,150,3,3,85,9/02/2023,6,0.05,IMG_8135,,
91,11/02/2023,white,CARL241,CARL239,core,Arlington Reef,27,150,3,3,85,9/02/2023,7,0.054,IMG_8135,,
91,11/02/2023,white,CARL241,CARL239,core,Arlington Reef,27,150,3,3,85,9/02/2023,8,0.052,IMG_8135,,
91,11/02/2023,white,CARL241,CARL239,core,Arlington Reef,27,150,3,3,85,9/02/2023,9,0.054,IMG_8135,,
91,11/02/2023,white,CARL241,CARL239,core,Arlington Reef,27,150,3,3,85,9/02/2023,10,0.052,IMG_8135,,
92,11/02/2023,white,CSUD002,CSUD213,core,Sudbury Reef,28.5,65,2,2,46,10/02/2023,1,0.063,IMG_8143,,
92,11/02/2023,white,CSUD002,CSUD213,core,Sudbury Reef,28.5,65,2,2,46,10/02/2023,2,0.056,IMG_8143,,
92,11/02/2023,white,CSUD002,CSUD213,core,Sudbury Reef,28.5,65,2,2,46,10/02/2023,3,0.055,IMG_8143,,
92,11/02/2023,white,CSUD002,CSUD213,core,Sudbury Reef,28.5,65,2,2,46,10/02/2023,4,0.055,IMG_8143,,
92,11/02/2023,white,CSUD002,CSUD213,core,Sudbury Reef,28.5,65,2,2,46,10/02/2023,5,0.054,IMG_8143,,
92,11/02/2023,white,CSUD002,CSUD213,core,Sudbury Reef,28.5,65,2,2,46,10/02/2023,6,0.056,IMG_8143,,
92,11/02/2023,white,CSUD002,CSUD213,core,Sudbury Reef,28.5,65,2,2,46,10/02/2023,7,0.055,IMG_8143,,
92,11/02/2023,white,CSUD002,CSUD213,core,Sudbury Reef,28.5,65,2,2,46,10/02/2023,8,0.055,IMG_8143,,
92,11/02/2023,white,CSUD002,CSUD213,core,Sudbury Reef,28.5,65,2,2,46,10/02/2023,9,0.051,IMG_8143,,
92,11/02/2023,white,CSUD002,CSUD213,core,Sudbury Reef,28.5,65,2,2,46,10/02/2023,10,0.053,IMG_8143,,
93,12/02/2023,white,CSUD009,CSUD212,core,Sudbury Reef,27,172,3,3,86,11/02/2023,1,0.061,IMG_8157,,
93,12/02/2023,white,CSUD009,CSUD212,core,Sudbury Reef,27,172,3,3,86,11/02/2023,2,0.056,IMG_8157,,
93,12/02/2023,white,CSUD009,CSUD212,core,Sudbury Reef,27,172,3,3,86,11/02/2023,3,0.051,IMG_8157,,
93,12/02/2023,white,CSUD009,CSUD212,core,Sudbury Reef,27,172,3,3,86,11/02/2023,4,0.053,IMG_8157,,
93,12/02/2023,white,CSUD009,CSUD212,core,Sudbury Reef,27,172,3,3,86,11/02/2023,5,0.05,IMG_8157,,
93,12/02/2023,white,CSUD009,CSUD212,core,Sudbury Reef,27,172,3,3,86,11/02/2023,6,0.056,IMG_8157,,
93,12/02/2023,white,CSUD009,CSUD212,core,Sudbury Reef,27,172,3,3,86,11/02/2023,7,0.053,IMG_8157,,
93,12/02/2023,white,CSUD009,CSUD212,core,Sudbury Reef,27,172,3,3,86,11/02/2023,8,0.053,IMG_8157,,
93,12/02/2023,white,CSUD009,CSUD212,core,Sudbury Reef,27,172,3,3,86,11/02/2023,9,0.057,IMG_8157,,
93,12/02/2023,white,CSUD009,CSUD212,core,Sudbury Reef,27,172,3,3,86,11/02/2023,10,0.052,IMG_8157,,
94,12/02/2023,white,CPRE512,CPRE208,core,Pretty Patches,28.5,14,2,1,86,11/02/2023,1,0.053,IMG_8162,,
94,12/02/2023,white,CPRE512,CPRE208,core,Pretty Patches,28.5,14,2,1,86,11/02/2023,2,0.05,IMG_8162,,
94,12/02/2023,white,CPRE512,CPRE208,core,Pretty Patches,28.5,14,2,1,86,11/02/2023,3,0.052,IMG_8162,,
94,12/02/2023,white,CPRE512,CPRE208,core,Pretty Patches,28.5,14,2,1,86,11/02/2023,4,0.053,IMG_8162,,
94,12/02/2023,white,CPRE512,CPRE208,core,Pretty Patches,28.5,14,2,1,86,11/02/2023,5,0.054,IMG_8162,,
94,12/02/2023,white,CPRE512,CPRE208,core,Pretty Patches,28.5,14,2,1,86,11/02/2023,6,0.057,IMG_8162,,
94,12/02/2023,white,CPRE512,CPRE208,core,Pretty Patches,28.5,14,2,1,86,11/02/2023,7,0.058,IMG_8162,,
94,12/02/2023,white,CPRE512,CPRE208,core,Pretty Patches,28.5,14,2,1,86,11/02/2023,8,0.055,IMG_8162,,
94,12/02/2023,white,CPRE512,CPRE208,core,Pretty Patches,28.5,14,2,1,86,11/02/2023,9,0.052,IMG_8162,,
94,12/02/2023,white,CPRE512,CPRE208,core,Pretty Patches,28.5,14,2,1,86,11/02/2023,10,0.051,IMG_8162,,
95,13/02/2023,white,CPRE/CSUD098,CPRE373,core,Pretty Patches,28.5,50,2,1,87,12/02/2023,1,0.039,IMG_8196,,
95,13/02/2023,white,CPRE/CSUD098,CPRE373,core,Pretty Patches,28.5,50,2,1,87,12/02/2023,2,0.041,IMG_8196,,
95,13/02/2023,white,CPRE/CSUD098,CPRE373,core,Pretty Patches,28.5,50,2,1,87,12/02/2023,3,0.039,IMG_8196,,
95,13/02/2023,white,CPRE/CSUD098,CPRE373,core,Pretty Patches,28.5,50,2,1,87,12/02/2023,4,0.039,IMG_8196,,
95,13/02/2023,white,CPRE/CSUD098,CPRE373,core,Pretty Patches,28.5,50,2,1,87,12/02/2023,5,0.04,IMG_8196,,
95,13/02/2023,white,CPRE/CSUD098,CPRE373,core,Pretty Patches,28.5,50,2,1,87,12/02/2023,6,0.049,IMG_8196,,
95,13/02/2023,white,CPRE/CSUD098,CPRE373,core,Pretty Patches,28.5,50,2,1,87,12/02/2023,7,0.036,IMG_8196,,
95,13/02/2023,white,CPRE/CSUD098,CPRE373,core,Pretty Patches,28.5,50,2,1,87,12/02/2023,8,0.039,IMG_8196,,
95,13/02/2023,white,CPRE/CSUD098,CPRE373,core,Pretty Patches,28.5,50,2,1,87,12/02/2023,9,0.041,IMG_8196,,
95,13/02/2023,white,CPRE/CSUD098,CPRE373,core,Pretty Patches,28.5,50,2,1,87,12/02/2023,10,0.043,IMG_8196,,
96,13/02/2023,white,CARL338,CARL345,core,Arlington Reef,28.5,106,2,1,87,12/02/2023,1,0.05,IMG_8208,,
96,13/02/2023,white,CARL338,CARL345,core,Arlington Reef,28.5,106,2,1,87,12/02/2023,2,0.048,IMG_8208,,
96,13/02/2023,white,CARL338,CARL345,core,Arlington Reef,28.5,106,2,1,87,12/02/2023,3,0.055,IMG_8208,,
96,13/02/2023,white,CARL338,CARL345,core,Arlington Reef,28.5,106,2,1,87,12/02/2023,4,0.051,IMG_8208,,
96,13/02/2023,white,CARL338,CARL345,core,Arlington Reef,28.5,106,2,1,87,12/02/2023,5,0.047,IMG_8208,,
96,13/02/2023,white,CARL338,CARL345,core,Arlington Reef,28.5,106,2,1,87,12/02/2023,6,0.055,IMG_8208,,
96,13/02/2023,white,CARL338,CARL345,core,Arlington Reef,28.5,106,2,1,87,12/02/2023,7,0.051,IMG_8208,,
96,13/02/2023,white,CARL338,CARL345,core,Arlington Reef,28.5,106,2,1,87,12/02/2023,8,0.052,IMG_8208,,
96,13/02/2023,white,CARL338,CARL345,core,Arlington Reef,28.5,106,2,1,87,12/02/2023,9,0.05,IMG_8208,,
96,13/02/2023,white,CARL338,CARL345,core,Arlington Reef,28.5,106,2,1,87,12/02/2023,10,0.053,IMG_8208,,
97,13/02/2023,white,CARL218,CARL222,core,Arlington Reef,30,109,3,3,87,12/02/2023,1,0.043,IMG_8215,,
97,13/02/2023,white,CARL218,CARL222,core,Arlington Reef,30,109,3,3,87,12/02/2023,2,0.045,IMG_8215,,
97,13/02/2023,white,CARL218,CARL222,core,Arlington Reef,30,109,3,3,87,12/02/2023,3,0.043,IMG_8215,,
97,13/02/2023,white,CARL218,CARL222,core,Arlington Reef,30,109,3,3,87,12/02/2023,4,0.044,IMG_8215,,
97,13/02/2023,white,CARL218,CARL222,core,Arlington Reef,30,109,3,3,87,12/02/2023,5,0.039,IMG_8215,,
97,13/02/2023,white,CARL218,CARL222,core,Arlington Reef,30,109,3,3,87,12/02/2023,6,0.046,IMG_8215,,
97,13/02/2023,white,CARL218,CARL222,core,Arlington Reef,30,109,3,3,87,12/02/2023,7,0.041,IMG_8215,,
97,13/02/2023,white,CARL218,CARL222,core,Arlington Reef,30,109,3,3,87,12/02/2023,8,0.041,IMG_8215,,
97,13/02/2023,white,CARL218,CARL222,core,Arlington Reef,30,109,3,3,87,12/02/2023,9,0.041,IMG_8215,,
97,13/02/2023,white,CARL218,CARL222,core,Arlington Reef,30,109,3,3,87,12/02/2023,10,0.043,IMG_8215,,
98,14/02/2023,white,CVLA106,CVLA091,core,Vlassof Cay,30,105,3,5,88,13/02/2023,1,0.051,IMG_8430,,
98,14/02/2023,white,CVLA106,CVLA091,core,Vlassof Cay,30,105,3,5,88,13/02/2023,2,0.045,IMG_8430,,
98,14/02/2023,white,CVLA106,CVLA091,core,Vlassof Cay,30,105,3,5,88,13/02/2023,3,0.049,IMG_8430,,
98,14/02/2023,white,CVLA106,CVLA091,core,Vlassof Cay,30,105,3,5,88,13/02/2023,4,0.043,IMG_8430,,
98,14/02/2023,white,CVLA106,CVLA091,core,Vlassof Cay,30,105,3,5,88,13/02/2023,5,0.048,IMG_8430,,
98,14/02/2023,white,CVLA106,CVLA091,core,Vlassof Cay,30,105,3,5,88,13/02/2023,6,0.048,IMG_8430,,
98,14/02/2023,white,CVLA106,CVLA091,core,Vlassof Cay,30,105,3,5,88,13/02/2023,7,0.047,IMG_8430,,
98,14/02/2023,white,CVLA106,CVLA091,core,Vlassof Cay,30,105,3,5,88,13/02/2023,8,0.05,IMG_8430,,
98,14/02/2023,white,CVLA106,CVLA091,core,Vlassof Cay,30,105,3,5,88,13/02/2023,9,0.052,IMG_8430,,
98,14/02/2023,white,CVLA106,CVLA091,core,Vlassof Cay,30,105,3,5,88,13/02/2023,10,0.052,IMG_8430,,
99,14/02/2023,white,CARL335,CARL359,core,Arlington Reef,28.5,238,3,1,88,13/02/2023,1,0.037,IMG_8437,,
99,14/02/2023,white,CARL335,CARL359,core,Arlington Reef,28.5,238,3,1,88,13/02/2023,2,0.041,IMG_8437,,
99,14/02/2023,white,CARL335,CARL359,core,Arlington Reef,28.5,238,3,1,88,13/02/2023,3,0.038,IMG_8437,,
99,14/02/2023,white,CARL335,CARL359,core,Arlington Reef,28.5,238,3,1,88,13/02/2023,4,0.038,IMG_8437,,
99,14/02/2023,white,CARL335,CARL359,core,Arlington Reef,28.5,238,3,1,88,13/02/2023,5,0.039,IMG_8437,,
99,14/02/2023,white,CARL335,CARL359,core,Arlington Reef,28.5,238,3,1,88,13/02/2023,6,0.04,IMG_8437,,
99,14/02/2023,white,CARL335,CARL359,core,Arlington Reef,28.5,238,3,1,88,13/02/2023,7,0.042,IMG_8437,,
99,14/02/2023,white,CARL335,CARL359,core,Arlington Reef,28.5,238,3,1,88,13/02/2023,8,0.042,IMG_8437,,
99,14/02/2023,white,CARL335,CARL359,core,Arlington Reef,28.5,238,3,1,88,13/02/2023,9,0.041,IMG_8437,,
99,14/02/2023,white,CARL335,CARL359,core,Arlington Reef,28.5,238,3,1,88,13/02/2023,10,0.039,IMG_8437,,
100,15/02/2023,white,CARL360,CARL249,core,Arlington Reef,30,166,3,1,55,14/02/2023,1,0.04,IMG_8475,Avoided 6th egg because it was squished so I used the extra one ,
100,15/02/2023,white,CARL360,CARL249,core,Arlington Reef,30,166,3,1,55,14/02/2023,2,0.039,IMG_8475,,
100,15/02/2023,white,CARL360,CARL249,core,Arlington Reef,30,166,3,1,55,14/02/2023,3,0.043,IMG_8475,,
100,15/02/2023,white,CARL360,CARL249,core,Arlington Reef,30,166,3,1,55,14/02/2023,4,0.041,IMG_8475,,
100,15/02/2023,white,CARL360,CARL249,core,Arlington Reef,30,166,3,1,55,14/02/2023,5,0.04,IMG_8475,,
100,15/02/2023,white,CARL360,CARL249,core,Arlington Reef,30,166,3,1,55,14/02/2023,6,0.043,IMG_8475,,
100,15/02/2023,white,CARL360,CARL249,core,Arlington Reef,30,166,3,1,55,14/02/2023,7,0.038,IMG_8475,,
100,15/02/2023,white,CARL360,CARL249,core,Arlington Reef,30,166,3,1,55,14/02/2023,8,0.038,IMG_8475,,
100,15/02/2023,white,CARL360,CARL249,core,Arlington Reef,30,166,3,1,55,14/02/2023,9,0.04,IMG_8475,,
100,15/02/2023,white,CARL360,CARL249,core,Arlington Reef,30,166,3,1,55,14/02/2023,10,0.043,IMG_8475,,
101,15/02/2023,white,LSBI028,LSBI027,leading,St. Bee's Island,28.5,233,3,3,89,14/02/2023,1,0.058,IMG_8485,,
101,15/02/2023,white,LSBI028,LSBI027,leading,St. Bee's Island,28.5,233,3,3,89,14/02/2023,2,0.056,IMG_8486,,
101,15/02/2023,white,LSBI028,LSBI027,leading,St. Bee's Island,28.5,233,3,3,89,14/02/2023,3,0.053,IMG_8487,,
101,15/02/2023,white,LSBI028,LSBI027,leading,St. Bee's Island,28.5,233,3,3,89,14/02/2023,4,0.063,IMG_8488,,
101,15/02/2023,white,LSBI028,LSBI027,leading,St. Bee's Island,28.5,233,3,3,89,14/02/2023,5,0.055,IMG_8489,,
101,15/02/2023,white,LSBI028,LSBI027,leading,St. Bee's Island,28.5,233,3,3,89,14/02/2023,6,0.052,IMG_8490,,
101,15/02/2023,white,LSBI028,LSBI027,leading,St. Bee's Island,28.5,233,3,3,89,14/02/2023,7,0.052,IMG_8491,,
101,15/02/2023,white,LSBI028,LSBI027,leading,St. Bee's Island,28.5,233,3,3,89,14/02/2023,8,0.063,IMG_8492,,
101,15/02/2023,white,LSBI028,LSBI027,leading,St. Bee's Island,28.5,233,3,3,89,14/02/2023,9,0.058,IMG_8493,,
101,15/02/2023,white,LSBI028,LSBI027,leading,St. Bee's Island,28.5,233,3,3,89,14/02/2023,10,0.05,IMG_8494,,
102,17/02/2023,white,LSBI034,LCHA120,leading,Chauvel Reef/St. Bee's Island,28.5,244,3,3,91,16/02/2023,1,0.047,IMG_8580,,
102,17/02/2023,white,LSBI034,LCHA120,leading,Chauvel Reef/St. Bee's Island,28.5,244,3,3,91,16/02/2023,2,0.043,IMG_8581,,
102,17/02/2023,white,LSBI034,LCHA120,leading,Chauvel Reef/St. Bee's Island,28.5,244,3,3,91,16/02/2023,3,0.044,IMG_8582,,
102,17/02/2023,white,LSBI034,LCHA120,leading,Chauvel Reef/St. Bee's Island,28.5,244,3,3,91,16/02/2023,4,0.043,IMG_8583,,
102,17/02/2023,white,LSBI034,LCHA120,leading,Chauvel Reef/St. Bee's Island,28.5,244,3,3,91,16/02/2023,5,0.044,IMG_8584,,
102,17/02/2023,white,LSBI034,LCHA120,leading,Chauvel Reef/St. Bee's Island,28.5,244,3,3,91,16/02/2023,6,0.048,IMG_8585,,
102,17/02/2023,white,LSBI034,LCHA120,leading,Chauvel Reef/St. Bee's Island,28.5,244,3,3,91,16/02/2023,7,0.04,IMG_8586,,
102,17/02/2023,white,LSBI034,LCHA120,leading,Chauvel Reef/St. Bee's Island,28.5,244,3,3,91,16/02/2023,8,0.039,IMG_8587,,
102,17/02/2023,white,LSBI034,LCHA120,leading,Chauvel Reef/St. Bee's Island,28.5,244,3,3,91,16/02/2023,9,0.04,IMG_8588,,
102,17/02/2023,white,LSBI034,LCHA120,leading,Chauvel Reef/St. Bee's Island,28.5,244,3,3,91,16/02/2023,10,0.039,IMG_8589,,
103,20/02/2023,white,CARL217,CARL226,core,Arlington Reef,28.5,144,3,4,94,19/02/2023,1,0.04568,IMG_XXXX,,
103,20/02/2023,white,CARL217,CARL226,core,Arlington Reef,28.5,144,3,4,94,19/02/2023,2,0.0404,IMG_XXXX,,
103,20/02/2023,white,CARL217,CARL226,core,Arlington Reef,28.5,144,3,4,94,19/02/2023,3,0.03808,IMG_XXXX,,
103,20/02/2023,white,CARL217,CARL226,core,Arlington Reef,28.5,144,3,4,94,19/02/2023,4,0.04401,IMG_XXXX,,
103,20/02/2023,white,CARL217,CARL226,core,Arlington Reef,28.5,144,3,4,94,19/02/2023,5,0.04364,IMG_XXXX,,
103,20/02/2023,white,CARL217,CARL226,core,Arlington Reef,28.5,144,3,4,94,19/02/2023,6,0.04367,IMG_XXXX,,
103,20/02/2023,white,CARL217,CARL226,core,Arlington Reef,28.5,144,3,4,94,19/02/2023,7,0.04264,IMG_XXXX,,
103,20/02/2023,white,CARL217,CARL226,core,Arlington Reef,28.5,144,3,4,94,19/02/2023,8,0.0425,IMG_XXXX,,
103,20/02/2023,white,CARL217,CARL226,core,Arlington Reef,28.5,144,3,4,94,19/02/2023,9,0.04643,IMG_XXXX,,
103,20/02/2023,white,CARL217,CARL226,core,Arlington Reef,28.5,144,3,4,94,19/02/2023,10,0.03965,IMG_XXXX,,
104,22/02/2023,white,CPRE447,CPRE452,core,Pretty Patches,30,103,3,1,96,21/02/2023,1,0.054,IMG_8594,,
104,22/02/2023,white,CPRE447,CPRE452,core,Pretty Patches,30,103,3,1,96,21/02/2023,2,0.051,IMG_8594,,
104,22/02/2023,white,CPRE447,CPRE452,core,Pretty Patches,30,103,3,1,96,21/02/2023,3,0.045,IMG_8594,,
104,22/02/2023,white,CPRE447,CPRE452,core,Pretty Patches,30,103,3,1,96,21/02/2023,4,0.051,IMG_8594,,
104,22/02/2023,white,CPRE447,CPRE452,core,Pretty Patches,30,103,3,1,96,21/02/2023,5,0.052,IMG_8594,,
104,22/02/2023,white,CPRE447,CPRE452,core,Pretty Patches,30,103,3,1,96,21/02/2023,6,0.049,IMG_8594,,
104,22/02/2023,white,CPRE447,CPRE452,core,Pretty Patches,30,103,3,1,96,21/02/2023,7,0.051,IMG_8594,,
104,22/02/2023,white,CPRE447,CPRE452,core,Pretty Patches,30,103,3,1,96,21/02/2023,8,0.052,IMG_8594,,
104,22/02/2023,white,CPRE447,CPRE452,core,Pretty Patches,30,103,3,1,96,21/02/2023,9,0.052,IMG_8594,,
104,22/02/2023,white,CPRE447,CPRE452,core,Pretty Patches,30,103,3,1,96,21/02/2023,10,0.047,IMG_8594,,
105,22/02/2023,white,CPRE375,CPRE377,core,Pretty Patches,27,268,3,2,96,21/02/2023,1,0.062,IMG_8589,,
105,22/02/2023,white,CPRE375,CPRE377,core,Pretty Patches,27,268,3,2,96,21/02/2023,2,0.062,IMG_8589,,
105,22/02/2023,white,CPRE375,CPRE377,core,Pretty Patches,27,268,3,2,96,21/02/2023,3,0.062,IMG_8589,,
105,22/02/2023,white,CPRE375,CPRE377,core,Pretty Patches,27,268,3,2,96,21/02/2023,4,0.058,IMG_8589,,
105,22/02/2023,white,CPRE375,CPRE377,core,Pretty Patches,27,268,3,2,96,21/02/2023,5,0.063,IMG_8589,,
105,22/02/2023,white,CPRE375,CPRE377,core,Pretty Patches,27,268,3,2,96,21/02/2023,6,0.063,IMG_8589,,
105,22/02/2023,white,CPRE375,CPRE377,core,Pretty Patches,27,268,3,2,96,21/02/2023,7,0.063,IMG_8589,,
105,22/02/2023,white,CPRE375,CPRE377,core,Pretty Patches,27,268,3,2,96,21/02/2023,8,0.061,IMG_8589,,
105,22/02/2023,white,CPRE375,CPRE377,core,Pretty Patches,27,268,3,2,96,21/02/2023,9,0.062,IMG_8589,,
105,22/02/2023,white,CPRE375,CPRE377,core,Pretty Patches,27,268,3,2,96,21/02/2023,10,0.055,IMG_8589,,
106,22/02/2023,white,CSUD013,CSUD017,core,Sudbury Reef,27,271,3,4,96,21/02/2023,1,0.053,IMG_8598,,
106,22/02/2023,white,CSUD013,CSUD017,core,Sudbury Reef,27,271,3,4,96,21/02/2023,2,0.055,IMG_8598,,
106,22/02/2023,white,CSUD013,CSUD017,core,Sudbury Reef,27,271,3,4,96,21/02/2023,3,0.055,IMG_8598,,
106,22/02/2023,white,CSUD013,CSUD017,core,Sudbury Reef,27,271,3,4,96,21/02/2023,4,0.053,IMG_8598,,
106,22/02/2023,white,CSUD013,CSUD017,core,Sudbury Reef,27,271,3,4,96,21/02/2023,5,0.058,IMG_8598,,
106,22/02/2023,white,CSUD013,CSUD017,core,Sudbury Reef,27,271,3,4,96,21/02/2023,6,0.051,IMG_8598,,
106,22/02/2023,white,CSUD013,CSUD017,core,Sudbury Reef,27,271,3,4,96,21/02/2023,7,0.061,IMG_8598,,
106,22/02/2023,white,CSUD013,CSUD017,core,Sudbury Reef,27,271,3,4,96,21/02/2023,8,0.056,IMG_8598,,
106,22/02/2023,white,CSUD013,CSUD017,core,Sudbury Reef,27,271,3,4,96,21/02/2023,9,0.052,IMG_8598,,
106,22/02/2023,white,CSUD013,CSUD017,core,Sudbury Reef,27,271,3,4,96,21/02/2023,10,0.05,IMG_8598,,
107,23/02/2023,white,CPRE521,CPRE524,core,Pretty Patches,28.5,31,2,1,97,22/02/2023,1,0.049,IMG_8651,,
107,23/02/2023,white,CPRE521,CPRE524,core,Pretty Patches,28.5,31,2,1,97,22/02/2023,2,0.052,IMG_8651,,
107,23/02/2023,white,CPRE521,CPRE524,core,Pretty Patches,28.5,31,2,1,97,22/02/2023,3,0.046,IMG_8651,,
107,23/02/2023,white,CPRE521,CPRE524,core,Pretty Patches,28.5,31,2,1,97,22/02/2023,4,0.048,IMG_8651,,
107,23/02/2023,white,CPRE521,CPRE524,core,Pretty Patches,28.5,31,2,1,97,22/02/2023,5,0.05,IMG_8651,,
107,23/02/2023,white,CPRE521,CPRE524,core,Pretty Patches,28.5,31,2,1,97,22/02/2023,6,0.046,IMG_8651,,
107,23/02/2023,white,CPRE521,CPRE524,core,Pretty Patches,28.5,31,2,1,97,22/02/2023,7,0.047,IMG_8651,,
107,23/02/2023,white,CPRE521,CPRE524,core,Pretty Patches,28.5,31,2,1,97,22/02/2023,8,0.051,IMG_8651,,
107,23/02/2023,white,CPRE521,CPRE524,core,Pretty Patches,28.5,31,2,1,97,22/02/2023,9,0.058,IMG_8651,,
107,23/02/2023,white,CPRE521,CPRE524,core,Pretty Patches,28.5,31,2,1,97,22/02/2023,10,0.056,IMG_8651,,
108,23/02/2023,white,CARL369,CARL349,core,Arlington Reef,28.5,216,3,1,97,22/02/2023,1,0.044,IMG_8656,,
108,23/02/2023,white,CARL369,CARL349,core,Arlington Reef,28.5,216,3,1,97,22/02/2023,2,0.039,IMG_8656,,
108,23/02/2023,white,CARL369,CARL349,core,Arlington Reef,28.5,216,3,1,97,22/02/2023,3,0.047,IMG_8656,,
108,23/02/2023,white,CARL369,CARL349,core,Arlington Reef,28.5,216,3,1,97,22/02/2023,4,0.047,IMG_8656,,
108,23/02/2023,white,CARL369,CARL349,core,Arlington Reef,28.5,216,3,1,97,22/02/2023,5,0.038,IMG_8656,,
108,23/02/2023,white,CARL369,CARL349,core,Arlington Reef,28.5,216,3,1,97,22/02/2023,6,0.036,IMG_8656,,
108,23/02/2023,white,CARL369,CARL349,core,Arlington Reef,28.5,216,3,1,97,22/02/2023,7,0.047,IMG_8656,,
108,23/02/2023,white,CARL369,CARL349,core,Arlington Reef,28.5,216,3,1,97,22/02/2023,8,0.043,IMG_8656,,
108,23/02/2023,white,CARL369,CARL349,core,Arlington Reef,28.5,216,3,1,97,22/02/2023,9,0.045,IMG_8656,,
108,23/02/2023,white,CARL369,CARL349,core,Arlington Reef,28.5,216,3,1,97,22/02/2023,10,0.047,IMG_8656,,
109,23/02/2023,white,CARL367,CARL363,core,Arlington Reef,28.5,132,3,1,97,22/02/2023,1,0.044,IMG_8661,,
109,23/02/2023,white,CARL367,CARL363,core,Arlington Reef,28.5,132,3,1,97,22/02/2023,2,0.045,IMG_8661,,
109,23/02/2023,white,CARL367,CARL363,core,Arlington Reef,28.5,132,3,1,97,22/02/2023,3,0.049,IMG_8661,,
109,23/02/2023,white,CARL367,CARL363,core,Arlington Reef,28.5,132,3,1,97,22/02/2023,4,0.045,IMG_8661,,
109,23/02/2023,white,CARL367,CARL363,core,Arlington Reef,28.5,132,3,1,97,22/02/2023,5,0.051,IMG_8661,,
109,23/02/2023,white,CARL367,CARL363,core,Arlington Reef,28.5,132,3,1,97,22/02/2023,6,0.047,IMG_8661,,
109,23/02/2023,white,CARL367,CARL363,core,Arlington Reef,28.5,132,3,1,97,22/02/2023,7,0.048,IMG_8661,,
109,23/02/2023,white,CARL367,CARL363,core,Arlington Reef,28.5,132,3,1,97,22/02/2023,8,0.047,IMG_8661,,
109,23/02/2023,white,CARL367,CARL363,core,Arlington Reef,28.5,132,3,1,97,22/02/2023,9,0.046,IMG_8661,,
109,23/02/2023,white,CARL367,CARL363,core,Arlington Reef,28.5,132,3,1,97,22/02/2023,10,0.052,IMG_8661,,
110,25/02/2023,white,CPRE453,CPRE459,core,Pretty Patches,28.5,32,2,1,99,24/02/2023,1,0.049,IMG_8724,,
110,25/02/2023,white,CPRE453,CPRE459,core,Pretty Patches,28.5,32,2,1,99,24/02/2023,2,0.046,IMG_8724,,
110,25/02/2023,white,CPRE453,CPRE459,core,Pretty Patches,28.5,32,2,1,99,24/02/2023,3,0.061,IMG_8724,,
110,25/02/2023,white,CPRE453,CPRE459,core,Pretty Patches,28.5,32,2,1,99,24/02/2023,4,0.057,IMG_8724,,
110,25/02/2023,white,CPRE453,CPRE459,core,Pretty Patches,28.5,32,2,1,99,24/02/2023,5,0.057,IMG_8724,,
110,25/02/2023,white,CPRE453,CPRE459,core,Pretty Patches,28.5,32,2,1,99,24/02/2023,6,0.053,IMG_8724,,
110,25/02/2023,white,CPRE453,CPRE459,core,Pretty Patches,28.5,32,2,1,99,24/02/2023,7,0.055,IMG_8724,,
110,25/02/2023,white,CPRE453,CPRE459,core,Pretty Patches,28.5,32,2,1,99,24/02/2023,8,0.055,IMG_8724,,
110,25/02/2023,white,CPRE453,CPRE459,core,Pretty Patches,28.5,32,2,1,99,24/02/2023,9,0.058,IMG_8724,,
110,25/02/2023,white,CPRE453,CPRE459,core,Pretty Patches,28.5,32,2,1,99,24/02/2023,10,0.064,IMG_8724,,
111,27/02/2023,white,CVLA468,CVLA477,core,Vlassof Cay,27,121,3,1,101,26/02/2023,1,0.049,IMG_8769,,
111,27/02/2023,white,CVLA468,CVLA477,core,Vlassof Cay,27,121,3,1,101,26/02/2023,2,0.051,IMG_8769,,
111,27/02/2023,white,CVLA468,CVLA477,core,Vlassof Cay,27,121,3,1,101,26/02/2023,3,0.047,IMG_8769,,
111,27/02/2023,white,CVLA468,CVLA477,core,Vlassof Cay,27,121,3,1,101,26/02/2023,4,0.046,IMG_8769,,
111,27/02/2023,white,CVLA468,CVLA477,core,Vlassof Cay,27,121,3,1,101,26/02/2023,5,0.051,IMG_8769,,
111,27/02/2023,white,CVLA468,CVLA477,core,Vlassof Cay,27,121,3,1,101,26/02/2023,6,0.044,IMG_8769,,
111,27/02/2023,white,CVLA468,CVLA477,core,Vlassof Cay,27,121,3,1,101,26/02/2023,7,0.054,IMG_8769,,
111,27/02/2023,white,CVLA468,CVLA477,core,Vlassof Cay,27,121,3,1,101,26/02/2023,8,0.047,IMG_8769,,
111,27/02/2023,white,CVLA468,CVLA477,core,Vlassof Cay,27,121,3,1,101,26/02/2023,9,0.048,IMG_8769,,
111,27/02/2023,white,CVLA468,CVLA477,core,Vlassof Cay,27,121,3,1,101,26/02/2023,10,0.055,IMG_8769,,
112,1/03/2023,white,CARL354,CARL355,core,Arlington Reef,27,124,3,4,104,28/02/2023,1,0.042,IMG_8774,,
112,1/03/2023,white,CARL354,CARL355,core,Arlington Reef,27,124,3,4,104,28/02/2023,2,0.04,IMG_8774,,
112,1/03/2023,white,CARL354,CARL355,core,Arlington Reef,27,124,3,4,104,28/02/2023,3,0.041,IMG_8774,,
112,1/03/2023,white,CARL354,CARL355,core,Arlington Reef,27,124,3,4,104,28/02/2023,4,0.048,IMG_8774,,
112,1/03/2023,white,CARL354,CARL355,core,Arlington Reef,27,124,3,4,104,28/02/2023,5,0.039,IMG_8774,,
112,1/03/2023,white,CARL354,CARL355,core,Arlington Reef,27,124,3,4,104,28/02/2023,6,0.035,IMG_8774,,
112,1/03/2023,white,CARL354,CARL355,core,Arlington Reef,27,124,3,4,104,28/02/2023,7,0.038,IMG_8774,,
112,1/03/2023,white,CARL354,CARL355,core,Arlington Reef,27,124,3,4,104,28/02/2023,8,0.044,IMG_8774,,
112,1/03/2023,white,CARL354,CARL355,core,Arlington Reef,27,124,3,4,104,28/02/2023,9,0.047,IMG_8774,,
112,1/03/2023,white,CARL354,CARL355,core,Arlington Reef,27,124,3,4,104,28/02/2023,10,0.048,IMG_8774,,
113,3/03/2023,white,CPRE558,CPRE526,core,Pretty Patches,28.5,30,2,1,105,2/03/2023,1,0.04,IMG_8782,,
113,3/03/2023,white,CPRE558,CPRE526,core,Pretty Patches,28.5,30,2,1,105,2/03/2023,2,0.05,IMG_8782,,
113,3/03/2023,white,CPRE558,CPRE526,core,Pretty Patches,28.5,30,2,1,105,2/03/2023,3,0.042,IMG_8782,,
113,3/03/2023,white,CPRE558,CPRE526,core,Pretty Patches,28.5,30,2,1,105,2/03/2023,4,0.055,IMG_8782,,
113,3/03/2023,white,CPRE558,CPRE526,core,Pretty Patches,28.5,30,2,1,105,2/03/2023,5,0.047,IMG_8782,,
113,3/03/2023,white,CPRE558,CPRE526,core,Pretty Patches,28.5,30,2,1,105,2/03/2023,6,0.05,IMG_8782,,
113,3/03/2023,white,CPRE558,CPRE526,core,Pretty Patches,28.5,30,2,1,105,2/03/2023,7,0.046,IMG_8782,,
113,3/03/2023,white,CPRE558,CPRE526,core,Pretty Patches,28.5,30,2,1,105,2/03/2023,8,0.051,IMG_8782,,
113,3/03/2023,white,CPRE558,CPRE526,core,Pretty Patches,28.5,30,2,1,105,2/03/2023,9,0.051,IMG_8782,,
113,3/03/2023,white,CPRE558,CPRE526,core,Pretty Patches,28.5,30,2,1,105,2/03/2023,10,0.05,IMG_8782,,
114,4/03/2023,white,CSUD310,CSUD306,core,Sudbury Reef,30,255,3,3,106,3/03/2023,1,0.048,IMG_8905,,
114,4/03/2023,white,CSUD310,CSUD306,core,Sudbury Reef,30,255,3,3,106,3/03/2023,2,0.036,IMG_8905,,
114,4/03/2023,white,CSUD310,CSUD306,core,Sudbury Reef,30,255,3,3,106,3/03/2023,3,0.043,IMG_8905,,
114,4/03/2023,white,CSUD310,CSUD306,core,Sudbury Reef,30,255,3,3,106,3/03/2023,4,0.044,IMG_8905,,
114,4/03/2023,white,CSUD310,CSUD306,core,Sudbury Reef,30,255,3,3,106,3/03/2023,5,0.046,IMG_8905,,
114,4/03/2023,white,CSUD310,CSUD306,core,Sudbury Reef,30,255,3,3,106,3/03/2023,6,0.043,IMG_8905,,
114,4/03/2023,white,CSUD310,CSUD306,core,Sudbury Reef,30,255,3,3,106,3/03/2023,7,0.04,IMG_8905,,
114,4/03/2023,white,CSUD310,CSUD306,core,Sudbury Reef,30,255,3,3,106,3/03/2023,8,0.045,IMG_8905,,
114,4/03/2023,white,CSUD310,CSUD306,core,Sudbury Reef,30,255,3,3,106,3/03/2023,9,0.039,IMG_8905,,
114,4/03/2023,white,CSUD310,CSUD306,core,Sudbury Reef,30,255,3,3,106,3/03/2023,10,0.051,IMG_8905,,
115,6/03/2023,white,CPRE391,CPRE390,core,Pretty Patches,30,204,3,2,109,5/03/2023,1,0.028,IMG_8911,,
115,6/03/2023,white,CPRE391,CPRE390,core,Pretty Patches,30,204,3,2,109,5/03/2023,2,0.029,IMG_8911,,
115,6/03/2023,white,CPRE391,CPRE390,core,Pretty Patches,30,204,3,2,109,5/03/2023,3,0.025,IMG_8911,,
115,6/03/2023,white,CPRE391,CPRE390,core,Pretty Patches,30,204,3,2,109,5/03/2023,4,0.025,IMG_8911,,
115,6/03/2023,white,CPRE391,CPRE390,core,Pretty Patches,30,204,3,2,109,5/03/2023,5,0.024,IMG_8911,,
115,6/03/2023,white,CPRE391,CPRE390,core,Pretty Patches,30,204,3,2,109,5/03/2023,6,0.028,IMG_8911,,
115,6/03/2023,white,CPRE391,CPRE390,core,Pretty Patches,30,204,3,2,109,5/03/2023,7,0.023,IMG_8911,,
115,6/03/2023,white,CPRE391,CPRE390,core,Pretty Patches,30,204,3,2,109,5/03/2023,8,0.033,IMG_8911,,
115,6/03/2023,white,CPRE391,CPRE390,core,Pretty Patches,30,204,3,2,109,5/03/2023,9,0.027,IMG_8911,,
115,6/03/2023,white,CPRE391,CPRE390,core,Pretty Patches,30,204,3,2,109,5/03/2023,10,0.029,IMG_8911,,
116,6/03/2023,white,CVLA102,CVLA466,core,Vlassof Cay,27,149,3,1,109,5/03/2023,1,0.049,IMG_8914,,
116,6/03/2023,white,CVLA102,CVLA466,core,Vlassof Cay,27,149,3,1,109,5/03/2023,2,0.061,IMG_8914,,
116,6/03/2023,white,CVLA102,CVLA466,core,Vlassof Cay,27,149,3,1,109,5/03/2023,3,0.059,IMG_8914,,
116,6/03/2023,white,CVLA102,CVLA466,core,Vlassof Cay,27,149,3,1,109,5/03/2023,4,0.066,IMG_8914,,
116,6/03/2023,white,CVLA102,CVLA466,core,Vlassof Cay,27,149,3,1,109,5/03/2023,5,0.056,IMG_8914,,
116,6/03/2023,white,CVLA102,CVLA466,core,Vlassof Cay,27,149,3,1,109,5/03/2023,6,0.053,IMG_8914,,
116,6/03/2023,white,CVLA102,CVLA466,core,Vlassof Cay,27,149,3,1,109,5/03/2023,7,0.054,IMG_8914,,
116,6/03/2023,white,CVLA102,CVLA466,core,Vlassof Cay,27,149,3,1,109,5/03/2023,8,0.055,IMG_8914,,
116,6/03/2023,white,CVLA102,CVLA466,core,Vlassof Cay,27,149,3,1,109,5/03/2023,9,0.052,IMG_8914,,
116,6/03/2023,white,CVLA102,CVLA466,core,Vlassof Cay,27,149,3,1,109,5/03/2023,10,0.053,IMG_8914,,
117,7/03/2023,white,CVLA498,CVLA493,core,Vlassof Cay,30,264,3,1,110,6/03/2023,1,0.045,IMG_8917,,
117,7/03/2023,white,CVLA498,CVLA493,core,Vlassof Cay,30,264,3,1,110,6/03/2023,2,0.041,IMG_8917,,
117,7/03/2023,white,CVLA498,CVLA493,core,Vlassof Cay,30,264,3,1,110,6/03/2023,3,0.044,IMG_8917,,
117,7/03/2023,white,CVLA498,CVLA493,core,Vlassof Cay,30,264,3,1,110,6/03/2023,4,0.039,IMG_8917,,
117,7/03/2023,white,CVLA498,CVLA493,core,Vlassof Cay,30,264,3,1,110,6/03/2023,5,0.043,IMG_8917,,
117,7/03/2023,white,CVLA498,CVLA493,core,Vlassof Cay,30,264,3,1,110,6/03/2023,6,0.035,IMG_8917,,
117,7/03/2023,white,CVLA498,CVLA493,core,Vlassof Cay,30,264,3,1,110,6/03/2023,7,0.037,IMG_8917,,
117,7/03/2023,white,CVLA498,CVLA493,core,Vlassof Cay,30,264,3,1,110,6/03/2023,8,0.043,IMG_8917,,
117,7/03/2023,white,CVLA498,CVLA493,core,Vlassof Cay,30,264,3,1,110,6/03/2023,9,0.047,IMG_8917,,
117,7/03/2023,white,CVLA498,CVLA493,core,Vlassof Cay,30,264,3,1,110,6/03/2023,10,0.047,IMG_8917,,
118,7/03/2023,black,CPRE372,CPRE209,core,Pretty Patches,27,168,3,3,110,6/03/2023,1,NA,NO PHOTO ,,
118,7/03/2023,black,CPRE372,CPRE209,core,Pretty Patches,27,168,3,3,110,6/03/2023,2,NA,NO PHOTO ,,
118,7/03/2023,black,CPRE372,CPRE209,core,Pretty Patches,27,168,3,3,110,6/03/2023,3,NA,NO PHOTO ,,
118,7/03/2023,black,CPRE372,CPRE209,core,Pretty Patches,27,168,3,3,110,6/03/2023,4,NA,NO PHOTO ,,
118,7/03/2023,black,CPRE372,CPRE209,core,Pretty Patches,27,168,3,3,110,6/03/2023,5,NA,NO PHOTO ,,
118,7/03/2023,black,CPRE372,CPRE209,core,Pretty Patches,27,168,3,3,110,6/03/2023,6,NA,NO PHOTO ,,
118,7/03/2023,black,CPRE372,CPRE209,core,Pretty Patches,27,168,3,3,110,6/03/2023,7,NA,NO PHOTO ,,
118,7/03/2023,black,CPRE372,CPRE209,core,Pretty Patches,27,168,3,3,110,6/03/2023,8,NA,NO PHOTO ,,
118,7/03/2023,black,CPRE372,CPRE209,core,Pretty Patches,27,168,3,3,110,6/03/2023,9,NA,NO PHOTO ,,
118,7/03/2023,black,CPRE372,CPRE209,core,Pretty Patches,27,168,3,3,110,6/03/2023,10,NA,NO PHOTO ,,
119,10/03/2023,white,CARL335,CARL359,core,Arlington Reef,28.5,238,3,2,113,9/03/2023,1,0.038,IMG_8948,,
119,10/03/2023,white,CARL335,CARL359,core,Arlington Reef,28.5,238,3,2,113,9/03/2023,2,0.031,IMG_8948,,
119,10/03/2023,white,CARL335,CARL359,core,Arlington Reef,28.5,238,3,2,113,9/03/2023,3,0.043,IMG_8948,,
119,10/03/2023,white,CARL335,CARL359,core,Arlington Reef,28.5,238,3,2,113,9/03/2023,4,0.048,IMG_8948,,
119,10/03/2023,white,CARL335,CARL359,core,Arlington Reef,28.5,238,3,2,113,9/03/2023,5,0.04,IMG_8948,,
119,10/03/2023,white,CARL335,CARL359,core,Arlington Reef,28.5,238,3,2,113,9/03/2023,6,0.04,IMG_8948,,
119,10/03/2023,white,CARL335,CARL359,core,Arlington Reef,28.5,238,3,2,113,9/03/2023,7,0.047,IMG_8948,,
119,10/03/2023,white,CARL335,CARL359,core,Arlington Reef,28.5,238,3,2,113,9/03/2023,8,0.042,IMG_8948,,
119,10/03/2023,white,CARL335,CARL359,core,Arlington Reef,28.5,238,3,2,113,9/03/2023,9,0.042,IMG_8948,,
119,10/03/2023,white,CARL335,CARL359,core,Arlington Reef,28.5,238,3,2,113,9/03/2023,10,0.042,IMG_8948,,
120,11/03/2023,white,CPRE550,CPRE533,core,Pretty Patches,28.5,53,2,1,114,10/03/2023,1,0.047,IMG_8949,,
120,11/03/2023,white,CPRE550,CPRE533,core,Pretty Patches,28.5,53,2,1,114,10/03/2023,2,0.04,IMG_8949,,
120,11/03/2023,white,CPRE550,CPRE533,core,Pretty Patches,28.5,53,2,1,114,10/03/2023,3,0.04,IMG_8949,,
120,11/03/2023,white,CPRE550,CPRE533,core,Pretty Patches,28.5,53,2,1,114,10/03/2023,4,0.046,IMG_8949,,
120,11/03/2023,white,CPRE550,CPRE533,core,Pretty Patches,28.5,53,2,1,114,10/03/2023,5,0.053,IMG_8949,,
120,11/03/2023,white,CPRE550,CPRE533,core,Pretty Patches,28.5,53,2,1,114,10/03/2023,6,0.054,IMG_8949,,
120,11/03/2023,white,CPRE550,CPRE533,core,Pretty Patches,28.5,53,2,1,114,10/03/2023,7,0.046,IMG_8949,,
120,11/03/2023,white,CPRE550,CPRE533,core,Pretty Patches,28.5,53,2,1,114,10/03/2023,8,0.054,IMG_8949,,
120,11/03/2023,white,CPRE550,CPRE533,core,Pretty Patches,28.5,53,2,1,114,10/03/2023,9,0.059,IMG_8949,,
120,11/03/2023,white,CPRE550,CPRE533,core,Pretty Patches,28.5,53,2,1,114,10/03/2023,10,0.051,IMG_8949,,
121,14/03/2023,white,CARL242,CARL245,core,Arlington Reef,28.5,232,3,1,117,13/03/2023,1,0.039,IMG_8956,,
121,14/03/2023,white,CARL242,CARL245,core,Arlington Reef,28.5,232,3,1,117,13/03/2023,2,0.034,IMG_8956,,
121,14/03/2023,white,CARL242,CARL245,core,Arlington Reef,28.5,232,3,1,117,13/03/2023,3,0.027,IMG_8956,,
121,14/03/2023,white,CARL242,CARL245,core,Arlington Reef,28.5,232,3,1,117,13/03/2023,4,0.039,IMG_8956,,
121,14/03/2023,white,CARL242,CARL245,core,Arlington Reef,28.5,232,3,1,117,13/03/2023,5,0.041,IMG_8956,,
121,14/03/2023,white,CARL242,CARL245,core,Arlington Reef,28.5,232,3,1,117,13/03/2023,6,0.034,IMG_8956,,
121,14/03/2023,white,CARL242,CARL245,core,Arlington Reef,28.5,232,3,1,117,13/03/2023,7,0.038,IMG_8956,,
121,14/03/2023,white,CARL242,CARL245,core,Arlington Reef,28.5,232,3,1,117,13/03/2023,8,0.039,IMG_8956,,
121,14/03/2023,white,CARL242,CARL245,core,Arlington Reef,28.5,232,3,1,117,13/03/2023,9,0.04,IMG_8956,,
121,14/03/2023,white,CARL242,CARL245,core,Arlington Reef,28.5,232,3,1,117,13/03/2023,10,0.043,IMG_8956,,
122,14/03/2023,white,CARL230,CARL235,core,Arlington Reef,27,253,3,2,117,13/03/2023,1,0.042,IMG_8957,,
122,14/03/2023,white,CARL230,CARL235,core,Arlington Reef,27,253,3,2,117,13/03/2023,2,0.046,IMG_8957,,
122,14/03/2023,white,CARL230,CARL235,core,Arlington Reef,27,253,3,2,117,13/03/2023,3,0.049,IMG_8957,,
122,14/03/2023,white,CARL230,CARL235,core,Arlington Reef,27,253,3,2,117,13/03/2023,4,0.04,IMG_8957,,
122,14/03/2023,white,CARL230,CARL235,core,Arlington Reef,27,253,3,2,117,13/03/2023,5,0.043,IMG_8957,,
122,14/03/2023,white,CARL230,CARL235,core,Arlington Reef,27,253,3,2,117,13/03/2023,6,0.048,IMG_8957,,
122,14/03/2023,white,CARL230,CARL235,core,Arlington Reef,27,253,3,2,117,13/03/2023,7,0.042,IMG_8957,,
122,14/03/2023,white,CARL230,CARL235,core,Arlington Reef,27,253,3,2,117,13/03/2023,8,0.044,IMG_8957,,
122,14/03/2023,white,CARL230,CARL235,core,Arlington Reef,27,253,3,2,117,13/03/2023,9,0.04,IMG_8957,,
122,14/03/2023,white,CARL230,CARL235,core,Arlington Reef,27,253,3,2,117,13/03/2023,10,0.046,IMG_8957,,
123,14/03/2023,white,CSUD009,CSUD212,core,Sudbury Reef,27,172,3,4,117,13/03/2023,1,0.041,IMG_8964,,
123,14/03/2023,white,CSUD009,CSUD212,core,Sudbury Reef,27,172,3,4,117,13/03/2023,2,0.051,IMG_8964,,
123,14/03/2023,white,CSUD009,CSUD212,core,Sudbury Reef,27,172,3,4,117,13/03/2023,3,0.045,IMG_8964,,
123,14/03/2023,white,CSUD009,CSUD212,core,Sudbury Reef,27,172,3,4,117,13/03/2023,4,0.05,IMG_8964,,
123,14/03/2023,white,CSUD009,CSUD212,core,Sudbury Reef,27,172,3,4,117,13/03/2023,5,0.048,IMG_8964,,
123,14/03/2023,white,CSUD009,CSUD212,core,Sudbury Reef,27,172,3,4,117,13/03/2023,6,0.046,IMG_8964,,
123,14/03/2023,white,CSUD009,CSUD212,core,Sudbury Reef,27,172,3,4,117,13/03/2023,7,0.051,IMG_8964,,
123,14/03/2023,white,CSUD009,CSUD212,core,Sudbury Reef,27,172,3,4,117,13/03/2023,8,0.048,IMG_8964,,
123,14/03/2023,white,CSUD009,CSUD212,core,Sudbury Reef,27,172,3,4,117,13/03/2023,9,0.052,IMG_8964,,
123,14/03/2023,white,CSUD009,CSUD212,core,Sudbury Reef,27,172,3,4,117,13/03/2023,10,0.055,IMG_8964,,
124,18/03/2023,white,CSUD312,CSUD304,core,Sudbury Reef,30,161,3,2,120,17/03/2023,1,0.047,IMG_8980,,
124,18/03/2023,white,CSUD312,CSUD304,core,Sudbury Reef,30,161,3,2,120,17/03/2023,2,0.037,IMG_8980,,
124,18/03/2023,white,CSUD312,CSUD304,core,Sudbury Reef,30,161,3,2,120,17/03/2023,3,0.037,IMG_8980,,
124,18/03/2023,white,CSUD312,CSUD304,core,Sudbury Reef,30,161,3,2,120,17/03/2023,4,0.036,IMG_8980,,
124,18/03/2023,white,CSUD312,CSUD304,core,Sudbury Reef,30,161,3,2,120,17/03/2023,5,0.044,IMG_8980,,
124,18/03/2023,white,CSUD312,CSUD304,core,Sudbury Reef,30,161,3,2,120,17/03/2023,6,0.04,IMG_8980,,
124,18/03/2023,white,CSUD312,CSUD304,core,Sudbury Reef,30,161,3,2,120,17/03/2023,7,0.043,IMG_8980,,
124,18/03/2023,white,CSUD312,CSUD304,core,Sudbury Reef,30,161,3,2,120,17/03/2023,8,0.045,IMG_8980,,
124,18/03/2023,white,CSUD312,CSUD304,core,Sudbury Reef,30,161,3,2,120,17/03/2023,9,0.049,IMG_8980,,
124,18/03/2023,white,CSUD312,CSUD304,core,Sudbury Reef,30,161,3,2,120,17/03/2023,10,0.038,IMG_8980,,
125,20/03/2023,white,CSAT265,CSAT264,core,Satellite Reef,28.5,37,2,2,122,19/03/2023,1,0.042,IMG_9040,,
125,20/03/2023,white,CSAT265,CSAT264,core,Satellite Reef,28.5,37,2,2,122,19/03/2023,2,0.04,IMG_9040,,
125,20/03/2023,white,CSAT265,CSAT264,core,Satellite Reef,28.5,37,2,2,122,19/03/2023,3,0.039,IMG_9040,,
125,20/03/2023,white,CSAT265,CSAT264,core,Satellite Reef,28.5,37,2,2,122,19/03/2023,4,0.037,IMG_9040,,
125,20/03/2023,white,CSAT265,CSAT264,core,Satellite Reef,28.5,37,2,2,122,19/03/2023,5,0.04,IMG_9040,,
125,20/03/2023,white,CSAT265,CSAT264,core,Satellite Reef,28.5,37,2,2,122,19/03/2023,6,0.044,IMG_9040,,
125,20/03/2023,white,CSAT265,CSAT264,core,Satellite Reef,28.5,37,2,2,122,19/03/2023,7,0.047,IMG_9040,,
125,20/03/2023,white,CSAT265,CSAT264,core,Satellite Reef,28.5,37,2,2,122,19/03/2023,8,0.044,IMG_9040,,
125,20/03/2023,white,CSAT265,CSAT264,core,Satellite Reef,28.5,37,2,2,122,19/03/2023,9,0.05,IMG_9040,,
125,20/03/2023,white,CSAT265,CSAT264,core,Satellite Reef,28.5,37,2,2,122,19/03/2023,10,0.046,IMG_9040,,
126,21/03/2023,white,CARL360,CARL249,core,Arlington Reef,30,166,3,2,90,20/03/2023,1,0.042,IMG_9050,,
126,21/03/2023,white,CARL360,CARL249,core,Arlington Reef,30,166,3,2,90,20/03/2023,2,0.041,IMG_9050,,
126,21/03/2023,white,CARL360,CARL249,core,Arlington Reef,30,166,3,2,90,20/03/2023,3,0.042,IMG_9050,,
126,21/03/2023,white,CARL360,CARL249,core,Arlington Reef,30,166,3,2,90,20/03/2023,4,0.038,IMG_9050,,
126,21/03/2023,white,CARL360,CARL249,core,Arlington Reef,30,166,3,2,90,20/03/2023,5,0.04,IMG_9050,,
126,21/03/2023,white,CARL360,CARL249,core,Arlington Reef,30,166,3,2,90,20/03/2023,6,0.039,IMG_9050,,
126,21/03/2023,white,CARL360,CARL249,core,Arlington Reef,30,166,3,2,90,20/03/2023,7,0.043,IMG_9050,,
126,21/03/2023,white,CARL360,CARL249,core,Arlington Reef,30,166,3,2,90,20/03/2023,8,0.041,IMG_9050,,
126,21/03/2023,white,CARL360,CARL249,core,Arlington Reef,30,166,3,2,90,20/03/2023,9,0.044,IMG_9050,,
126,21/03/2023,white,CARL360,CARL249,core,Arlington Reef,30,166,3,2,90,20/03/2023,10,0.038,IMG_9050,,
127,21/03/2023,white,NA,CVLA044,core,Vlassof Cay,30,212,3,1,123,NA,1,0.043,IMG_9052,,
127,21/03/2023,white,NA,CVLA044,core,Vlassof Cay,30,212,3,1,123,NA,2,0.041,IMG_9052,,
127,21/03/2023,white,NA,CVLA044,core,Vlassof Cay,30,212,3,1,123,NA,3,0.048,IMG_9052,,
127,21/03/2023,white,NA,CVLA044,core,Vlassof Cay,30,212,3,1,123,NA,4,0.039,IMG_9052,,
127,21/03/2023,white,NA,CVLA044,core,Vlassof Cay,30,212,3,1,123,NA,5,0.04,IMG_9052,,
127,21/03/2023,white,NA,CVLA044,core,Vlassof Cay,30,212,3,1,123,NA,6,0.037,IMG_9052,,
127,21/03/2023,white,NA,CVLA044,core,Vlassof Cay,30,212,3,1,123,NA,7,0.041,IMG_9052,,
127,21/03/2023,white,NA,CVLA044,core,Vlassof Cay,30,212,3,1,123,NA,8,0.041,IMG_9052,,
127,21/03/2023,white,NA,CVLA044,core,Vlassof Cay,30,212,3,1,123,NA,9,0.049,IMG_9052,,
127,21/03/2023,white,NA,CVLA044,core,Vlassof Cay,30,212,3,1,123,NA,10,0.042,IMG_9052,,
128,22/03/2023,white,CARL338,CARL345,core,Arlington Reef,28.5,106,2,2,124,21/03/2023,1,0.042,IMG_9081,,
128,22/03/2023,white,CARL338,CARL345,core,Arlington Reef,28.5,106,2,2,124,21/03/2023,2,0.038,IMG_9081,,
128,22/03/2023,white,CARL338,CARL345,core,Arlington Reef,28.5,106,2,2,124,21/03/2023,3,0.041,IMG_9081,,
128,22/03/2023,white,CARL338,CARL345,core,Arlington Reef,28.5,106,2,2,124,21/03/2023,4,0.039,IMG_9081,,
128,22/03/2023,white,CARL338,CARL345,core,Arlington Reef,28.5,106,2,2,124,21/03/2023,5,0.039,IMG_9081,,
128,22/03/2023,white,CARL338,CARL345,core,Arlington Reef,28.5,106,2,2,124,21/03/2023,6,0.038,IMG_9081,,
128,22/03/2023,white,CARL338,CARL345,core,Arlington Reef,28.5,106,2,2,124,21/03/2023,7,0.045,IMG_9081,,
128,22/03/2023,white,CARL338,CARL345,core,Arlington Reef,28.5,106,2,2,124,21/03/2023,8,0.038,IMG_9081,,
128,22/03/2023,white,CARL338,CARL345,core,Arlington Reef,28.5,106,2,2,124,21/03/2023,9,0.034,IMG_9081,,
128,22/03/2023,white,CARL338,CARL345,core,Arlington Reef,28.5,106,2,2,124,21/03/2023,10,0.038,IMG_9081,,
129,26/03/2023,white,CVLA486,CVLA463,core,Vlassof Cay,27,270,3,1,130,25/03/2023,1,0.061,IMG_9122,,
129,26/03/2023,white,CVLA486,CVLA463,core,Vlassof Cay,27,270,3,1,130,25/03/2023,2,0.05,IMG_9122,,
129,26/03/2023,white,CVLA486,CVLA463,core,Vlassof Cay,27,270,3,1,130,25/03/2023,3,0.057,IMG_9122,,
129,26/03/2023,white,CVLA486,CVLA463,core,Vlassof Cay,27,270,3,1,130,25/03/2023,4,0.058,IMG_9122,,
129,26/03/2023,white,CVLA486,CVLA463,core,Vlassof Cay,27,270,3,1,130,25/03/2023,5,0.053,IMG_9122,,
129,26/03/2023,white,CVLA486,CVLA463,core,Vlassof Cay,27,270,3,1,130,25/03/2023,6,0.042,IMG_9122,,
129,26/03/2023,white,CVLA486,CVLA463,core,Vlassof Cay,27,270,3,1,130,25/03/2023,7,0.05,IMG_9122,,
129,26/03/2023,white,CVLA486,CVLA463,core,Vlassof Cay,27,270,3,1,130,25/03/2023,8,0.054,IMG_9122,,
129,26/03/2023,white,CVLA486,CVLA463,core,Vlassof Cay,27,270,3,1,130,25/03/2023,9,0.044,IMG_9122,,
129,26/03/2023,white,CVLA486,CVLA463,core,Vlassof Cay,27,270,3,1,130,25/03/2023,10,0.054,IMG_9122,,
130,30/03/2023,white,CPRE375,CPRE377,core,Pretty Patches,27,268,3,3,133,29/03/2023,1,0.058,IMG_9204,,
130,30/03/2023,white,CPRE375,CPRE377,core,Pretty Patches,27,268,3,3,133,29/03/2023,2,0.059,IMG_9204,,
130,30/03/2023,white,CPRE375,CPRE377,core,Pretty Patches,27,268,3,3,133,29/03/2023,3,0.058,IMG_9204,,
130,30/03/2023,white,CPRE375,CPRE377,core,Pretty Patches,27,268,3,3,133,29/03/2023,4,0.059,IMG_9204,,
130,30/03/2023,white,CPRE375,CPRE377,core,Pretty Patches,27,268,3,3,133,29/03/2023,5,0.057,IMG_9204,,
130,30/03/2023,white,CPRE375,CPRE377,core,Pretty Patches,27,268,3,3,133,29/03/2023,6,0.056,IMG_9204,,
130,30/03/2023,white,CPRE375,CPRE377,core,Pretty Patches,27,268,3,3,133,29/03/2023,7,0.064,IMG_9204,,
130,30/03/2023,white,CPRE375,CPRE377,core,Pretty Patches,27,268,3,3,133,29/03/2023,8,0.055,IMG_9204,,
130,30/03/2023,white,CPRE375,CPRE377,core,Pretty Patches,27,268,3,3,133,29/03/2023,9,0.062,IMG_9204,,
130,30/03/2023,white,CPRE375,CPRE377,core,Pretty Patches,27,268,3,3,133,29/03/2023,10,0.064,IMG_9204,,
131,31/03/2023,white,CPRE447,CPRE452,core,Pretty Patches,30,103,3,2,134,30/03/2023,1,0.048,IMG_9238,,
131,31/03/2023,white,CPRE447,CPRE452,core,Pretty Patches,30,103,3,2,134,30/03/2023,2,0.044,IMG_9238,,
131,31/03/2023,white,CPRE447,CPRE452,core,Pretty Patches,30,103,3,2,134,30/03/2023,3,0.045,IMG_9238,,
131,31/03/2023,white,CPRE447,CPRE452,core,Pretty Patches,30,103,3,2,134,30/03/2023,4,0.046,IMG_9238,,
131,31/03/2023,white,CPRE447,CPRE452,core,Pretty Patches,30,103,3,2,134,30/03/2023,5,0.036,IMG_9238,,
131,31/03/2023,white,CPRE447,CPRE452,core,Pretty Patches,30,103,3,2,134,30/03/2023,6,0.047,IMG_9238,,
131,31/03/2023,white,CPRE447,CPRE452,core,Pretty Patches,30,103,3,2,134,30/03/2023,7,0.041,IMG_9238,,
131,31/03/2023,white,CPRE447,CPRE452,core,Pretty Patches,30,103,3,2,134,30/03/2023,8,0.039,IMG_9238,,
131,31/03/2023,white,CPRE447,CPRE452,core,Pretty Patches,30,103,3,2,134,30/03/2023,9,0.038,IMG_9238,,
131,31/03/2023,white,CPRE447,CPRE452,core,Pretty Patches,30,103,3,2,134,30/03/2023,10,0.042,IMG_9238,,
132,2/04/2023,white,CVLA468,CVLA477,core,Vlassof Cay,27,121,3,2,136,1/04/2023,1,0.049,IMG_9249,,
132,2/04/2023,white,CVLA468,CVLA477,core,Vlassof Cay,27,121,3,2,136,1/04/2023,2,0.051,IMG_9249,,
132,2/04/2023,white,CVLA468,CVLA477,core,Vlassof Cay,27,121,3,2,136,1/04/2023,3,0.044,IMG_9249,,
132,2/04/2023,white,CVLA468,CVLA477,core,Vlassof Cay,27,121,3,2,136,1/04/2023,4,0.045,IMG_9249,,
132,2/04/2023,white,CVLA468,CVLA477,core,Vlassof Cay,27,121,3,2,136,1/04/2023,5,0.05,IMG_9249,,
132,2/04/2023,white,CVLA468,CVLA477,core,Vlassof Cay,27,121,3,2,136,1/04/2023,6,0.05,IMG_9249,,
132,2/04/2023,white,CVLA468,CVLA477,core,Vlassof Cay,27,121,3,2,136,1/04/2023,7,0.047,IMG_9249,,
132,2/04/2023,white,CVLA468,CVLA477,core,Vlassof Cay,27,121,3,2,136,1/04/2023,8,0.049,IMG_9249,,
132,2/04/2023,white,CVLA468,CVLA477,core,Vlassof Cay,27,121,3,2,136,1/04/2023,9,0.045,IMG_9249,,
132,2/04/2023,white,CVLA468,CVLA477,core,Vlassof Cay,27,121,3,2,136,1/04/2023,10,0.048,IMG_9249,,
133,3/04/2023,white,CARL335,CARL359,core,Arlington Reef,28.5,238,3,3,137,2/02/2023,1,0.034,IMG_9270,,
133,3/04/2023,white,CARL335,CARL359,core,Arlington Reef,28.5,238,3,3,137,2/02/2023,2,0.045,IMG_9270,,
133,3/04/2023,white,CARL335,CARL359,core,Arlington Reef,28.5,238,3,3,137,2/02/2023,3,0.044,IMG_9270,,
133,3/04/2023,white,CARL335,CARL359,core,Arlington Reef,28.5,238,3,3,137,2/02/2023,4,0.041,IMG_9270,,
133,3/04/2023,white,CARL335,CARL359,core,Arlington Reef,28.5,238,3,3,137,2/02/2023,5,0.042,IMG_9270,,
133,3/04/2023,white,CARL335,CARL359,core,Arlington Reef,28.5,238,3,3,137,2/02/2023,6,0.043,IMG_9270,,
133,3/04/2023,white,CARL335,CARL359,core,Arlington Reef,28.5,238,3,3,137,2/02/2023,7,0.037,IMG_9270,,
133,3/04/2023,white,CARL335,CARL359,core,Arlington Reef,28.5,238,3,3,137,2/02/2023,8,0.041,IMG_9270,,
133,3/04/2023,white,CARL335,CARL359,core,Arlington Reef,28.5,238,3,3,137,2/02/2023,9,0.041,IMG_9270,,
133,3/04/2023,white,CARL335,CARL359,core,Arlington Reef,28.5,238,3,3,137,2/02/2023,10,0.038,IMG_9270,,
134,11/04/2023,white,LCKM164,LCKM156,leading,Cockermouth Island,28.5,242,3,3,144,10/04/2023,1,0.052,IMG_9285,,
134,11/04/2023,white,LCKM164,LCKM156,leading,Cockermouth Island,28.5,242,3,3,144,10/04/2023,2,0.043,IMG_9285,,
134,11/04/2023,white,LCKM164,LCKM156,leading,Cockermouth Island,28.5,242,3,3,144,10/04/2023,3,0.05,IMG_9285,,
134,11/04/2023,white,LCKM164,LCKM156,leading,Cockermouth Island,28.5,242,3,3,144,10/04/2023,4,0.045,IMG_9285,,
134,11/04/2023,white,LCKM164,LCKM156,leading,Cockermouth Island,28.5,242,3,3,144,10/04/2023,5,0.05,IMG_9285,,
134,11/04/2023,white,LCKM164,LCKM156,leading,Cockermouth Island,28.5,242,3,3,144,10/04/2023,6,0.047,IMG_9285,,
134,11/04/2023,white,LCKM164,LCKM156,leading,Cockermouth Island,28.5,242,3,3,144,10/04/2023,7,0.043,IMG_9285,,
134,11/04/2023,white,LCKM164,LCKM156,leading,Cockermouth Island,28.5,242,3,3,144,10/04/2023,8,0.048,IMG_9285,,
134,11/04/2023,white,LCKM164,LCKM156,leading,Cockermouth Island,28.5,242,3,3,144,10/04/2023,9,0.043,IMG_9285,,
134,11/04/2023,white,LCKM164,LCKM156,leading,Cockermouth Island,28.5,242,3,3,144,10/04/2023,10,0.045,IMG_9285,,
135,17/04/2023,white,CVLA102,CVLA406,core,Vlassof Cay,27,149,3,2,150,16/04/2023,1,0.055,IMG_9299,,
135,17/04/2023,white,CVLA102,CVLA406,core,Vlassof Cay,27,149,3,2,150,16/04/2023,2,0.051,IMG_9299,,
135,17/04/2023,white,CVLA102,CVLA406,core,Vlassof Cay,27,149,3,2,150,16/04/2023,3,0.05,IMG_9299,,
135,17/04/2023,white,CVLA102,CVLA406,core,Vlassof Cay,27,149,3,2,150,16/04/2023,4,0.046,IMG_9299,,
135,17/04/2023,white,CVLA102,CVLA406,core,Vlassof Cay,27,149,3,2,150,16/04/2023,5,0.049,IMG_9299,,
135,17/04/2023,white,CVLA102,CVLA406,core,Vlassof Cay,27,149,3,2,150,16/04/2023,6,0.048,IMG_9299,,
135,17/04/2023,white,CVLA102,CVLA406,core,Vlassof Cay,27,149,3,2,150,16/04/2023,7,0.045,IMG_9299,,
135,17/04/2023,white,CVLA102,CVLA406,core,Vlassof Cay,27,149,3,2,150,16/04/2023,8,0.052,IMG_9299,,
135,17/04/2023,white,CVLA102,CVLA406,core,Vlassof Cay,27,149,3,2,150,16/04/2023,9,0.045,IMG_9299,,
135,17/04/2023,white,CVLA102,CVLA406,core,Vlassof Cay,27,149,3,2,150,16/04/2023,10,0.046,IMG_9299,Almost finished :),
136,23/04/2023,white,CPRE555,CSUD999,core,Satellite Reef/Pretty Patches,28.5,66,2,1,156,22/04/2023,1,0.047,IMG_9319,Measured by mapu,
136,23/04/2023,white,CPRE555,CSUD999,core,Satellite Reef/Pretty Patches,28.5,66,2,1,156,22/04/2023,2,0.052,,,
136,23/04/2023,white,CPRE555,CSUD999,core,Satellite Reef/Pretty Patches,28.5,66,2,1,156,22/04/2023,3,0.043,,,
136,23/04/2023,white,CPRE555,CSUD999,core,Satellite Reef/Pretty Patches,28.5,66,2,1,156,22/04/2023,4,0.049,,,
136,23/04/2023,white,CPRE555,CSUD999,core,Satellite Reef/Pretty Patches,28.5,66,2,1,156,22/04/2023,5,0.048,,,
136,23/04/2023,white,CPRE555,CSUD999,core,Satellite Reef/Pretty Patches,28.5,66,2,1,156,22/04/2023,6,0.046,,,
136,23/04/2023,white,CPRE555,CSUD999,core,Satellite Reef/Pretty Patches,28.5,66,2,1,156,22/04/2023,7,0.052,,,
136,23/04/2023,white,CPRE555,CSUD999,core,Satellite Reef/Pretty Patches,28.5,66,2,1,156,22/04/2023,8,0.049,,,
136,23/04/2023,white,CPRE555,CSUD999,core,Satellite Reef/Pretty Patches,28.5,66,2,1,156,22/04/2023,9,0.05,,,
136,23/04/2023,white,CPRE555,CSUD999,core,Satellite Reef/Pretty Patches,28.5,66,2,1,156,22/04/2023,10,0.048,,,
137,5/05/2023,white,CARL335,CARL359,core,Arlington Reef,28.5,238,3,4,169,4/05/2023,1,NA,NO PHOTO ,,
137,5/05/2023,white,CARL335,CARL359,core,Arlington Reef,28.5,238,3,4,169,4/05/2023,2,NA,NO PHOTO ,,
137,5/05/2023,white,CARL335,CARL359,core,Arlington Reef,28.5,238,3,4,169,4/05/2023,3,NA,NO PHOTO ,,
137,5/05/2023,white,CARL335,CARL359,core,Arlington Reef,28.5,238,3,4,169,4/05/2023,4,NA,NO PHOTO ,,
137,5/05/2023,white,CARL335,CARL359,core,Arlington Reef,28.5,238,3,4,169,4/05/2023,5,NA,NO PHOTO ,,
137,5/05/2023,white,CARL335,CARL359,core,Arlington Reef,28.5,238,3,4,169,4/05/2023,6,NA,NO PHOTO ,,
137,5/05/2023,white,CARL335,CARL359,core,Arlington Reef,28.5,238,3,4,169,4/05/2023,7,NA,NO PHOTO ,,
137,5/05/2023,white,CARL335,CARL359,core,Arlington Reef,28.5,238,3,4,169,4/05/2023,8,NA,NO PHOTO ,,
137,5/05/2023,white,CARL335,CARL359,core,Arlington Reef,28.5,238,3,4,169,4/05/2023,9,NA,NO PHOTO ,,
137,5/05/2023,white,CARL335,CARL359,core,Arlington Reef,28.5,238,3,4,169,4/05/2023,10,NA,NO PHOTO ,,
138,6/05/2023,white,CPRE453,CPRE459,core,Pretty Patches,28.5,32,2,2,170,15/05/2023,1,0.055,IMG_9451,Measured by Mapu,
138,6/05/2023,white,CPRE453,CPRE459,core,Pretty Patches,28.5,32,2,2,170,15/05/2023,2,0.05,,,
138,6/05/2023,white,CPRE453,CPRE459,core,Pretty Patches,28.5,32,2,2,170,15/05/2023,3,0.057,,,
138,6/05/2023,white,CPRE453,CPRE459,core,Pretty Patches,28.5,32,2,2,170,15/05/2023,4,0.049,,,
138,6/05/2023,white,CPRE453,CPRE459,core,Pretty Patches,28.5,32,2,2,170,15/05/2023,5,0.048,,,
138,6/05/2023,white,CPRE453,CPRE459,core,Pretty Patches,28.5,32,2,2,170,15/05/2023,6,0.054,,,
138,6/05/2023,white,CPRE453,CPRE459,core,Pretty Patches,28.5,32,2,2,170,15/05/2023,7,0.056,,,
138,6/05/2023,white,CPRE453,CPRE459,core,Pretty Patches,28.5,32,2,2,170,15/05/2023,8,0.057,,,
138,6/05/2023,white,CPRE453,CPRE459,core,Pretty Patches,28.5,32,2,2,170,15/05/2023,9,0.05,,,
138,6/05/2023,white,CPRE453,CPRE459,core,Pretty Patches,28.5,32,2,2,170,15/05/2023,10,0.049,,,
139,10/05/2023,white,CSAT269,CSAT256,core,Satellite Reef,28.5,56,2,1,174,9/05/2023,1,0.044,IMG_9457,Measured by Mapu,
139,10/05/2023,white,CSAT269,CSAT256,core,Satellite Reef,28.5,56,2,1,174,9/05/2023,2,0.046,,,
139,10/05/2023,white,CSAT269,CSAT256,core,Satellite Reef,28.5,56,2,1,174,9/05/2023,3,0.048,,,
139,10/05/2023,white,CSAT269,CSAT256,core,Satellite Reef,28.5,56,2,1,174,9/05/2023,4,0.048,,,
139,10/05/2023,white,CSAT269,CSAT256,core,Satellite Reef,28.5,56,2,1,174,9/05/2023,5,0.045,,,
139,10/05/2023,white,CSAT269,CSAT256,core,Satellite Reef,28.5,56,2,1,174,9/05/2023,6,0.044,,,
139,10/05/2023,white,CSAT269,CSAT256,core,Satellite Reef,28.5,56,2,1,174,9/05/2023,7,0.047,,,
139,10/05/2023,white,CSAT269,CSAT256,core,Satellite Reef,28.5,56,2,1,174,9/05/2023,8,0.043,,,
139,10/05/2023,white,CSAT269,CSAT256,core,Satellite Reef,28.5,56,2,1,174,9/05/2023,9,0.046,,,
139,10/05/2023,white,CSAT269,CSAT256,core,Satellite Reef,28.5,56,2,1,174,9/05/2023,10,0.044,,,
140,15/05/2023,white,COTT407,COTT399,core,Otter Reef,28.5,15,2,2,179,14/05/2023,1,0.044,IMG_9543,Measured by mapu,
140,15/05/2023,white,COTT407,COTT399,core,Otter Reef,28.5,15,2,2,179,14/05/2023,2,0.043,,,
140,15/05/2023,white,COTT407,COTT399,core,Otter Reef,28.5,15,2,2,179,14/05/2023,3,0.042,,,
140,15/05/2023,white,COTT407,COTT399,core,Otter Reef,28.5,15,2,2,179,14/05/2023,4,0.037,,,
140,15/05/2023,white,COTT407,COTT399,core,Otter Reef,28.5,15,2,2,179,14/05/2023,5,0.033,,,
140,15/05/2023,white,COTT407,COTT399,core,Otter Reef,28.5,15,2,2,179,14/05/2023,6,0.039,,,
140,15/05/2023,white,COTT407,COTT399,core,Otter Reef,28.5,15,2,2,179,14/05/2023,7,0.045,,,
140,15/05/2023,white,COTT407,COTT399,core,Otter Reef,28.5,15,2,2,179,14/05/2023,8,0.035,,,
140,15/05/2023,white,COTT407,COTT399,core,Otter Reef,28.5,15,2,2,179,14/05/2023,9,0.042,,,
140,15/05/2023,white,COTT407,COTT399,core,Otter Reef,28.5,15,2,2,179,14/05/2023,10,0.035,,,
141,16/05/2023,white,CPRE556,CSUD999,core,Sudbury Reef/Pretty Patches,28.5,66,2,2,180,15/05/2023,1,0.055,IMG_9538,Measured by mapu,
141,16/05/2023,white,CPRE556,CSUD999,core,Sudbury Reef/Pretty Patches,28.5,66,2,2,180,15/05/2023,2,0.05,,,
141,16/05/2023,white,CPRE556,CSUD999,core,Sudbury Reef/Pretty Patches,28.5,66,2,2,180,15/05/2023,3,0.049,,,
141,16/05/2023,white,CPRE556,CSUD999,core,Sudbury Reef/Pretty Patches,28.5,66,2,2,180,15/05/2023,4,0.053,,,
141,16/05/2023,white,CPRE556,CSUD999,core,Sudbury Reef/Pretty Patches,28.5,66,2,2,180,15/05/2023,5,0.048,,,
141,16/05/2023,white,CPRE556,CSUD999,core,Sudbury Reef/Pretty Patches,28.5,66,2,2,180,15/05/2023,6,0.053,,,
141,16/05/2023,white,CPRE556,CSUD999,core,Sudbury Reef/Pretty Patches,28.5,66,2,2,180,15/05/2023,7,0.049,,,
141,16/05/2023,white,CPRE556,CSUD999,core,Sudbury Reef/Pretty Patches,28.5,66,2,2,180,15/05/2023,8,0.052,,,
141,16/05/2023,white,CPRE556,CSUD999,core,Sudbury Reef/Pretty Patches,28.5,66,2,2,180,15/05/2023,9,0.052,,,
141,16/05/2023,white,CPRE556,CSUD999,core,Sudbury Reef/Pretty Patches,28.5,66,2,2,180,15/05/2023,10,0.047,,,
142,18/05/2023,white,CPRE547,CPRE522,core,Pretty Patches,28.5,17,2,1,182,17/05/2023,1,0.052,IMG_9553,Measured by Mapu,142
142,18/05/2023,white,CPRE547,CPRE522,core,Pretty Patches,28.5,17,2,1,182,17/05/2023,2,0.052,,,
142,18/05/2023,white,CPRE547,CPRE522,core,Pretty Patches,28.5,17,2,1,182,17/05/2023,3,0.055,,,
142,18/05/2023,white,CPRE547,CPRE522,core,Pretty Patches,28.5,17,2,1,182,17/05/2023,4,0.06,,,
142,18/05/2023,white,CPRE547,CPRE522,core,Pretty Patches,28.5,17,2,1,182,17/05/2023,5,0.052,,,
142,18/05/2023,white,CPRE547,CPRE522,core,Pretty Patches,28.5,17,2,1,182,17/05/2023,6,0.054,,,
142,18/05/2023,white,CPRE547,CPRE522,core,Pretty Patches,28.5,17,2,1,182,17/05/2023,7,0.057,,,
142,18/05/2023,white,CPRE547,CPRE522,core,Pretty Patches,28.5,17,2,1,182,17/05/2023,8,0.055,,,
142,18/05/2023,white,CPRE547,CPRE522,core,Pretty Patches,28.5,17,2,1,182,17/05/2023,9,0.055,,,
142,18/05/2023,white,CPRE547,CPRE522,core,Pretty Patches,28.5,17,2,1,182,17/05/2023,10,0.059,,,
143,19/05/2023,white,CPRE544,CVLA485,core,Pretty Patches/Vlassof Cay,28.5,113,2,1,183,18/05/2023,1,NA,NO PHOTO ,,
143,19/05/2023,white,CPRE544,CVLA485,core,Pretty Patches/Vlassof Cay,28.5,113,2,1,183,18/05/2023,2,NA,NO PHOTO ,,
143,19/05/2023,white,CPRE544,CVLA485,core,Pretty Patches/Vlassof Cay,28.5,113,2,1,183,18/05/2023,3,NA,NO PHOTO ,,
143,19/05/2023,white,CPRE544,CVLA485,core,Pretty Patches/Vlassof Cay,28.5,113,2,1,183,18/05/2023,4,NA,NO PHOTO ,,
143,19/05/2023,white,CPRE544,CVLA485,core,Pretty Patches/Vlassof Cay,28.5,113,2,1,183,18/05/2023,5,NA,NO PHOTO ,,
143,19/05/2023,white,CPRE544,CVLA485,core,Pretty Patches/Vlassof Cay,28.5,113,2,1,183,18/05/2023,6,NA,NO PHOTO ,,
143,19/05/2023,white,CPRE544,CVLA485,core,Pretty Patches/Vlassof Cay,28.5,113,2,1,183,18/05/2023,7,NA,NO PHOTO ,,
143,19/05/2023,white,CPRE544,CVLA485,core,Pretty Patches/Vlassof Cay,28.5,113,2,1,183,18/05/2023,8,NA,NO PHOTO ,,
143,19/05/2023,white,CPRE544,CVLA485,core,Pretty Patches/Vlassof Cay,28.5,113,2,1,183,18/05/2023,9,NA,NO PHOTO ,,
143,19/05/2023,white,CPRE544,CVLA485,core,Pretty Patches/Vlassof Cay,28.5,113,2,1,183,18/05/2023,10,NA,NO PHOTO ,,
144,25/05/2023,white,CVLA495,CVLA497,core,Vlassof Cay,28.5,69,2,1,189,24/05/2023,1,NA,NO PHOTO ,,
144,25/05/2023,white,CVLA495,CVLA497,core,Vlassof Cay,28.5,69,2,1,189,24/05/2023,2,NA,NO PHOTO ,,
144,25/05/2023,white,CVLA495,CVLA497,core,Vlassof Cay,28.5,69,2,1,189,24/05/2023,3,NA,NO PHOTO ,,
144,25/05/2023,white,CVLA495,CVLA497,core,Vlassof Cay,28.5,69,2,1,189,24/05/2023,4,NA,NO PHOTO ,,
144,25/05/2023,white,CVLA495,CVLA497,core,Vlassof Cay,28.5,69,2,1,189,24/05/2023,5,NA,NO PHOTO ,,
144,25/05/2023,white,CVLA495,CVLA497,core,Vlassof Cay,28.5,69,2,1,189,24/05/2023,6,NA,NO PHOTO ,,
144,25/05/2023,white,CVLA495,CVLA497,core,Vlassof Cay,28.5,69,2,1,189,24/05/2023,7,NA,NO PHOTO ,,
144,25/05/2023,white,CVLA495,CVLA497,core,Vlassof Cay,28.5,69,2,1,189,24/05/2023,8,NA,NO PHOTO ,,
144,25/05/2023,white,CVLA495,CVLA497,core,Vlassof Cay,28.5,69,2,1,189,24/05/2023,9,NA,NO PHOTO ,,
144,25/05/2023,white,CVLA495,CVLA497,core,Vlassof Cay,28.5,69,2,1,189,24/05/2023,10,NA,NO PHOTO ,,
145,26/05/2023,white,CCKT590,CCKT493,core,Cooktown,28.5,148,2,1,175,25/05/2023,1,NA,NO PHOTO ,,
145,26/05/2023,white,CCKT590,CCKT493,core,Cooktown,28.5,148,2,1,175,25/05/2023,2,NA,NO PHOTO ,,
145,26/05/2023,white,CCKT590,CCKT493,core,Cooktown,28.5,148,2,1,175,25/05/2023,3,NA,NO PHOTO ,,
145,26/05/2023,white,CCKT590,CCKT493,core,Cooktown,28.5,148,2,1,175,25/05/2023,4,NA,NO PHOTO ,,
145,26/05/2023,white,CCKT590,CCKT493,core,Cooktown,28.5,148,2,1,175,25/05/2023,5,NA,NO PHOTO ,,
145,26/05/2023,white,CCKT590,CCKT493,core,Cooktown,28.5,148,2,1,175,25/05/2023,6,NA,NO PHOTO ,,
145,26/05/2023,white,CCKT590,CCKT493,core,Cooktown,28.5,148,2,1,175,25/05/2023,7,NA,NO PHOTO ,,
145,26/05/2023,white,CCKT590,CCKT493,core,Cooktown,28.5,148,2,1,175,25/05/2023,8,NA,NO PHOTO ,,
145,26/05/2023,white,CCKT590,CCKT493,core,Cooktown,28.5,148,2,1,175,25/05/2023,9,NA,NO PHOTO ,,
145,26/05/2023,white,CCKT590,CCKT493,core,Cooktown,28.5,148,2,1,175,25/05/2023,10,NA,NO PHOTO ,,
